Chromosome,ChromStart,ChromEnd,Band,Stain
LG1,0,1,M12995,M12995
LG1,428679,428680,M38713,M38713
LG1,850029,850030,M21661,M21661
LG1,1018142,1018143,M21364,M21364
LG1,1132496,1132497,M45315,M45315
LG1,1516625,1516626,M26139,M26139
LG1,2703621,2703622,M15151,M15151
LG1,2948966,2948967,M18510,M18510
LG1,3295546,3295547,M25438,M25438
LG1,3475675,3475676,M56,M56
LG1,3768816,3768817,M13973,M13973
LG1,4178745,4178746,M35812,M35812
LG1,4910330,4910331,M34208,M34208
LG1,5009368,5009369,M13280,M13280
LG1,5164207,5164208,M10822,M10822
LG1,5303546,5303547,M9740,M9740
LG1,5469579,5469580,M29321,M29321
LG1,5679574,5679575,M31546,M31546
LG1,6546919,6546920,M27216,M27216
LG1,7155087,7155088,M23029,M23029
LG1,7383264,7383265,M23227,M23227
LG1,8166891,8166892,M32452,M32452
LG1,8413063,8413064,M30262,M30262
LG1,8638118,8638119,M28801,M28801
LG2,0,1,M12578,M12578
LG2,285745,285746,M24141,M24141
LG2,429848,429849,M1635,M1635
LG2,712208,712209,M28259,M28259
LG2,1069858,1069859,M630,M630
LG2,1779928,1779929,M32984,M32984
LG2,3078152,3078153,M58,M58
LG2,3546735,3546736,M14413,M14413
LG2,3657827,3657828,M42376,M42376
LG2,3809103,3809104,M32146,M32146
LG2,4094469,4094470,M41651,M41651
LG2,5292665,5292666,M4741,M4741
LG2,7308507,7308508,M407,M407
LG2,17304948,17304949,M10697,M10697
LG2,17461885,17461886,M7136,M7136
LG2,17678399,17678400,M45532,M45532
LG2,17967705,17967706,M37257,M37257
LG2,18915063,18915064,M6468,M6468
LG2,19027168,19027169,M22466,M22466
LG2,19791666,19791667,M8973,M8973
LG2,20078322,20078323,M24161,M24161
LG2,20717932,20717933,M27950,M27950
LG2,20822968,20822969,M19705,M19705
LG2,20938599,20938600,M5892,M5892
LG2,21088086,21088087,M16579,M16579
LG2,21187790,21187791,M354,M354
LG2,21524607,21524608,M24840,M24840
LG2,21594737,21594738,M19930,M19930
LG2,21847072,21847073,M16484,M16484
LG2,22001978,22001979,M32980,M32980
LG2,22124327,22124328,M1664,M1664
LG2,22626849,22626850,M30558,M30558
LG2,22790376,22790377,M22287,M22287
LG2,23489182,23489183,M13558,M13558
LG2,24632710,24632711,M21485,M21485
LG2,24705897,24705898,M9060,M9060
LG2,24789772,24789773,M42611,M42611
LG2,24905821,24905822,M17439,M17439
LG2,25102541,25102542,M42992,M42992
LG2,25288977,25288978,M23315,M23315
LG2,25498536,25498537,M1091,M1091
LG2,25595877,25595878,M3997,M3997
LG2,25699895,25699896,M3103,M3103
LG2,25803864,25803865,M10167,M10167
LG2,25896526,25896527,M40663,M40663
LG2,25980854,25980855,M37857,M37857
LG2,26064942,26064943,M37276,M37276
LG2,26251410,26251411,M29942,M29942
LG2,26343146,26343147,M36727,M36727
LG2,26500138,26500139,M13299,M13299
LG2,26675476,26675477,M2477,M2477
LG2,26823555,26823556,M6699,M6699
LG2,27009018,27009019,M23535,M23535
LG2,27443384,27443385,M26884,M26884
LG2,27555785,27555786,M8373,M8373
LG2,27707677,27707678,M35654,M35654
LG2,28042614,28042615,M4260,M4260
LG2,28320625,28320626,M17222,M17222
LG2,28561751,28561752,M26344,M26344
LG2,28911146,28911147,M18993,M18993
LG2,29033416,29033417,M14997,M14997
LG2,29335373,29335374,M17937,M17937
LG2,29521522,29521523,M34114,M34114
LG2,29696322,29696323,M37873,M37873
LG2,29812379,29812380,M10050,M10050
LG2,29876539,29876540,M27834,M27834
LG2,29955906,29955907,M14139,M14139
LG2,30101122,30101123,M20998,M20998
LG2,30276574,30276575,M9225,M9225
LG2,30695689,30695690,M40697,M40697
LG2,30979027,30979028,M37012,M37012
LG2,31059967,31059968,M15173,M15173
LG2,31631651,31631652,M24940,M24940
LG2,31751376,31751377,M661,M661
LG2,31946939,31946940,M4220,M4220
LG2,32080259,32080260,M39105,M39105
LG2,32667643,32667644,M15617,M15617
LG2,32911637,32911638,M30995,M30995
LG2,33422532,33422533,M40054,M40054
LG2,63643961,63643962,M38604,M38604
LG2,63854871,63854872,M36258,M36258
LG2,63992756,63992757,M18462,M18462
LG2,64217646,64217647,M36782,M36782
LG2,64389868,64389869,M29582,M29582
LG2,64658417,64658418,M22841,M22841
LG2,64843720,64843721,M5841,M5841
LG2,65174658,65174659,M7287,M7287
LG2,65289228,65289229,M28243,M28243
LG2,65368713,65368714,M40148,M40148
LG2,65554483,65554484,M43468,M43468
LG2,65693827,65693828,M29986,M29986
LG2,66285583,66285584,M31340,M31340
LG2,66768533,66768534,M30552,M30552
LG2,67206654,67206655,M24818,M24818
LG2,67371228,67371229,M45812,M45812
LG2,67497523,67497524,M38590,M38590
LG2,67728429,67728430,M20269,M20269
LG2,67901947,67901948,M11493,M11493
LG2,68036545,68036546,M17348,M17348
LG2,68217295,68217296,M33445,M33445
LG2,68480742,68480743,M27118,M27118
LG2,71127717,71127718,M45603,M45603
LG2,72321255,72321256,M24052,M24052
LG2,72786671,72786672,M39302,M39302
LG2,73072629,73072630,M34333,M34333
LG2,73233669,73233670,M9977,M9977
LG2,73350981,73350982,M11619,M11619
LG2,73549604,73549605,M35981,M35981
LG2,73698960,73698961,M34424,M34424
LG2,73840059,73840060,M36906,M36906
LG2,73966586,73966587,M31886,M31886
LG2,74095476,74095477,M25542,M25542
LG2,74185927,74185928,M39347,M39347
LG2,74495157,74495158,M16342,M16342
LG2,74703144,74703145,M35996,M35996
LG2,74899630,74899631,M35063,M35063
LG2,75161849,75161850,M368,M368
LG2,75283070,75283071,M25254,M25254
LG2,75355128,75355129,M35726,M35726
LG2,75551188,75551189,M27607,M27607
LG2,75719661,75719662,M5817,M5817
LG2,75802222,75802223,M19695,M19695
LG2,76014441,76014442,M26544,M26544
LG2,76361391,76361392,M9046,M9046
LG2,76714852,76714853,M33606,M33606
LG2,76949370,76949371,M17054,M17054
LG2,77226386,77226387,M7846,M7846
LG2,77359430,77359431,M22010,M22010
LG2,77524298,77524299,M15718,M15718
LG2,77706503,77706504,M17927,M17927
LG2,78392264,78392265,M14884,M14884
LG2,78830018,78830019,M28323,M28323
LG2,80105855,80105856,M42365,M42365
LG2,80347230,80347231,M11071,M11071
LG2,80658880,80658881,M11856,M11856
LG2,81091350,81091351,M32661,M32661
LG2,81432101,81432102,M22484,M22484
LG3,0,1,M26402,M26402
LG3,101360,101361,M44516,M44516
LG3,505162,505163,M8862,M8862
LG3,1025021,1025022,M34455,M34455
LG3,1373772,1373773,M40399,M40399
LG3,1548366,1548367,M25645,M25645
LG3,1681182,1681183,M27957,M27957
LG3,1787222,1787223,M28387,M28387
LG3,1998457,1998458,M14307,M14307
LG3,2307028,2307029,M20339,M20339
LG3,2620386,2620387,M19432,M19432
LG3,3026021,3026022,M34733,M34733
LG3,3449718,3449719,M38457,M38457
LG3,3769301,3769302,M71,M71
LG3,3979449,3979450,M44509,M44509
LG3,4091901,4091902,M1526,M1526
LG3,4324322,4324323,M8377,M8377
LG3,4467371,4467372,M23846,M23846
LG3,4553873,4553874,M10253,M10253
LG3,4725365,4725366,M13010,M13010
LG3,5115685,5115686,M44423,M44423
LG3,5237664,5237665,M13811,M13811
LG3,5387486,5387487,M43900,M43900
LG3,5757556,5757557,M18340,M18340
LG3,5827281,5827282,M36284,M36284
LG3,5901392,5901393,M28227,M28227
LG3,5995006,5995007,M14449,M14449
LG3,6199230,6199231,M4272,M4272
LG3,6465963,6465964,M38822,M38822
LG3,6724274,6724275,M1678,M1678
LG3,6879669,6879670,M35419,M35419
LG3,6996979,6996980,M37010,M37010
LG3,7133615,7133616,M30290,M30290
LG3,7340953,7340954,M20024,M20024
LG3,7606236,7606237,M32321,M32321
LG3,8124773,8124774,M37256,M37256
LG3,8356786,8356787,M539,M539
LG3,8450545,8450546,M7255,M7255
LG3,8937099,8937100,M38059,M38059
LG3,9162190,9162191,M30737,M30737
LG3,9380263,9380264,M977,M977
LG3,9533692,9533693,M41742,M41742
LG3,9768662,9768663,M29975,M29975
LG3,10114757,10114758,M12783,M12783
LG3,10286634,10286635,M7777,M7777
LG3,10986033,10986034,M9306,M9306
LG3,11083472,11083473,M23455,M23455
LG3,11256891,11256892,M37121,M37121
LG3,11664526,11664527,M25481,M25481
LG3,11984979,11984980,M42819,M42819
LG3,12269033,12269034,M21584,M21584
LG3,12495827,12495828,M21810,M21810
LG3,12965976,12965977,M9938,M9938
LG3,13043812,13043813,M36219,M36219
LG3,13099025,13099026,M27519,M27519
LG3,13262708,13262709,M36116,M36116
LG3,13412757,13412758,M4904,M4904
LG3,13502206,13502207,M14628,M14628
LG3,13731758,13731759,M7006,M7006
LG3,13936081,13936082,M35059,M35059
LG3,14052126,14052127,M24869,M24869
LG3,14458068,14458069,M8961,M8961
LG3,14839569,14839570,M41377,M41377
LG3,15013446,15013447,M19669,M19669
LG3,15133769,15133770,M31771,M31771
LG3,15470260,15470261,M18637,M18637
LG3,15723923,15723924,M5331,M5331
LG3,15899130,15899131,M36266,M36266
LG3,16077506,16077507,M44600,M44600
LG3,16212713,16212714,M41939,M41939
LG3,16341547,16341548,M26180,M26180
LG3,16430059,16430060,M31723,M31723
LG3,16562818,16562819,M9422,M9422
LG3,16624103,16624104,M41238,M41238
LG3,16749414,16749415,M30688,M30688
LG3,16936944,16936945,M16299,M16299
LG3,17585018,17585019,M38826,M38826
LG3,17957063,17957064,M43602,M43602
LG3,18107344,18107345,M36991,M36991
LG3,18406688,18406689,M9741,M9741
LG3,18818279,18818280,M42333,M42333
LG3,18988060,18988061,M44931,M44931
LG3,19048251,19048252,M12726,M12726
LG3,19208277,19208278,M5064,M5064
LG3,19283107,19283108,M36328,M36328
LG3,19626054,19626055,M45201,M45201
LG3,19884606,19884607,M23366,M23366
LG4,0,1,M13697,M13697
LG4,182429,182430,M16657,M16657
LG4,330186,330187,M15932,M15932
LG4,425735,425736,M8363,M8363
LG4,593784,593785,M24697,M24697
LG4,653124,653125,M8697,M8697
LG4,706244,706245,M38911,M38911
LG4,863133,863134,M28182,M28182
LG4,957144,957145,M16807,M16807
LG4,1154683,1154684,M44816,M44816
LG4,1217920,1217921,M41586,M41586
LG4,1331575,1331576,M28688,M28688
LG4,1395773,1395774,M40222,M40222
LG4,1437308,1437309,M41544,M41544
LG4,1437309,1437310,M33013,M33013
LG4,1487289,1487290,M27160,M27160
LG4,1487290,1487291,M27413,M27413
LG4,1513006,1513007,M33352,M33352
LG4,1563041,1563042,M33136,M33136
LG4,1604371,1604372,M16133,M16133
LG4,1686424,1686425,M42137,M42137
LG4,1843868,1843869,M21008,M21008
LG4,1905370,1905371,M30363,M30363
LG4,1905385,1905386,M45175,M45175
LG4,1969533,1969534,M28299,M28299
LG4,1988966,1988967,M26980,M26980
LG4,1988967,1988968,M35408,M35408
LG4,2059579,2059580,M2345,M2345
LG4,2156838,2156839,M36546,M36546
LG4,2156839,2156840,M42091,M42091
LG4,2232777,2232778,M9825,M9825
LG4,2283454,2283455,M45056,M45056
LG4,2308752,2308753,M35142,M35142
LG4,2406249,2406250,M3501,M3501
LG4,2475633,2475634,M40662,M40662
LG4,2560852,2560853,M35848,M35848
LG4,2624765,2624766,M10044,M10044
LG4,2693849,2693850,M27175,M27175
LG4,2928117,2928118,M17046,M17046
LG4,2970829,2970830,M35962,M35962
LG4,3013714,3013715,M38572,M38572
LG4,3061349,3061350,M37079,M37079
LG4,3217215,3217216,M43556,M43556
LG4,3867620,3867621,M15172,M15172
LG4,3958599,3958600,M37751,M37751
LG4,4114963,4114964,M2348,M2348
LG4,4478246,4478247,M31238,M31238
LG4,4654286,4654287,M102,M102
LG4,5559159,5559160,M31950,M31950
LG4,5809136,5809137,M38793,M38793
LG4,5965053,5965054,M42965,M42965
LG4,6136575,6136576,M5625,M5625
LG4,6444825,6444826,M43687,M43687
LG4,6815453,6815454,M21990,M21990
LG4,7315373,7315374,M19499,M19499
LG4,7747539,7747540,M8953,M8953
LG4,8059921,8059922,M7646,M7646
LG4,8523128,8523129,M38799,M38799
LG4,8784909,8784910,M36660,M36660
LG4,8816367,8816368,M34659,M34659
LG4,8992370,8992371,M25877,M25877
LG4,9581204,9581205,M11505,M11505
LG5,0,1,M29569,M29569
LG5,424814,424815,M4070,M4070
LG5,894940,894941,M29776,M29776
LG5,1118614,1118615,M22733,M22733
LG5,1395262,1395263,M27506,M27506
LG5,1603590,1603591,M41370,M41370
LG5,1879833,1879834,M4638,M4638
LG5,2246739,2246740,M32158,M32158
LG5,2432239,2432240,M15695,M15695
LG5,2664183,2664184,M32904,M32904
LG5,3183336,3183337,M11333,M11333
LG5,3326400,3326401,M8174,M8174
LG5,3629087,3629088,M5129,M5129
LG5,3990644,3990645,M2616,M2616
LG5,4339444,4339445,M25143,M25143
LG5,4692128,4692129,M41962,M41962
LG5,5344287,5344288,M23673,M23673
LG5,5709030,5709031,M45654,M45654
LG5,5827930,5827931,M12952,M12952
LG5,5978881,5978882,M23408,M23408
LG5,6283297,6283298,M15777,M15777
LG5,6706145,6706146,M18303,M18303
LG5,6800931,6800932,M17867,M17867
LG5,6928068,6928069,M7787,M7787
LG5,7134453,7134454,M21828,M21828
LG5,7275970,7275971,M28315,M28315
LG5,7511339,7511340,M29650,M29650
LG5,7962907,7962908,M248,M248
LG5,8342822,8342823,M36638,M36638
LG5,8441893,8441894,M33864,M33864
LG5,9342209,9342210,M9037,M9037
LG5,9570771,9570772,M31693,M31693
LG5,9669025,9669026,M34673,M34673
LG5,9831201,9831202,M37011,M37011
LG5,10271332,10271333,M38998,M38998
LG5,10403835,10403836,M205,M205
LG5,10594447,10594448,M6391,M6391
LG6,0,1,M3731,M3731
LG6,120838,120839,M16865,M16865
LG6,446540,446541,M10052,M10052
LG6,582697,582698,M26054,M26054
LG6,921763,921764,M43297,M43297
LG6,1053684,1053685,M8015,M8015
LG6,1559772,1559773,M13290,M13290
LG6,1830150,1830151,M19190,M19190
LG6,1961510,1961511,M44648,M44648
LG6,2038262,2038263,M9836,M9836
LG6,2325991,2325992,M26076,M26076
LG6,2844248,2844249,M30914,M30914
LG6,3067468,3067469,M41086,M41086
LG6,3172037,3172038,M27611,M27611
LG6,3343122,3343123,M28951,M28951
LG6,3448692,3448693,M40497,M40497
LG6,4131760,4131761,M28953,M28953
LG6,4562399,4562400,M41355,M41355
LG6,4751763,4751764,M18902,M18902
LG6,4924756,4924757,M41686,M41686
LG6,5303917,5303918,M29031,M29031
LG6,5762045,5762046,M2517,M2517
LG6,6080620,6080621,M1492,M1492
LG6,6460577,6460578,M19901,M19901
LG6,6546693,6546694,M40063,M40063
LG6,6906216,6906217,M26011,M26011
LG6,7278066,7278067,M19966,M19966
LG6,7803726,7803727,M33353,M33353
LG6,7891615,7891616,M3341,M3341
LG6,8078723,8078724,M25109,M25109
LG6,8389141,8389142,M44052,M44052
LG6,8765079,8765080,M20535,M20535
LG6,9265444,9265445,M27007,M27007
LG6,9364029,9364030,M31037,M31037
LG6,9639006,9639007,M232,M232
LG6,9898896,9898897,M44056,M44056
LG6,10080046,10080047,M3651,M3651
LG6,10137216,10137217,M38769,M38769
LG6,10286722,10286723,M33633,M33633
LG6,10376807,10376808,M1394,M1394
LG7,0,1,M13430,M13430
LG7,802251,802252,M33377,M33377
LG7,1225237,1225238,M21689,M21689
LG7,1276770,1276771,M34534,M34534
LG7,1463890,1463891,M356,M356
LG7,2260309,2260310,M16910,M16910
LG7,2370905,2370906,M9860,M9860
LG7,2653166,2653167,M38085,M38085
LG7,3080691,3080692,M13357,M13357
LG7,3411474,3411475,M39236,M39236
LG7,4194003,4194004,M8689,M8689
LG7,4549697,4549698,M18614,M18614
LG7,4826121,4826122,M15870,M15870
LG7,4960593,4960594,M8167,M8167
LG7,5431206,5431207,M19150,M19150
LG7,5770622,5770623,M41461,M41461
LG7,6378888,6378889,M23961,M23961
LG7,6481462,6481463,M17839,M17839
LG7,6742245,6742246,M21075,M21075
LG7,7578718,7578719,M5009,M5009
LG7,8112179,8112180,M11291,M11291
LG7,8231429,8231430,M24909,M24909
LG7,8956137,8956138,M14965,M14965
LG7,9217875,9217876,M33742,M33742
LG7,9577237,9577238,M3322,M3322
LG7,10218448,10218449,M30057,M30057
LG7,10401560,10401561,M23570,M23570
LG7,10545905,10545906,M37934,M37934
LG7,10863152,10863153,M38875,M38875
LG7,10995657,10995658,M16884,M16884
LG7,11094611,11094612,M7648,M7648
LG8,0,1,M15097,M15097
LG8,538472,538473,M4099,M4099
LG8,754812,754813,M4080,M4080
LG8,1350942,1350943,M6178,M6178
LG8,1475799,1475800,M2981,M2981
LG8,1886269,1886270,M13337,M13337
LG8,1976561,1976562,M30077,M30077
LG8,2065798,2065799,M15878,M15878
LG8,2511653,2511654,M19583,M19583
LG8,2776438,2776439,M405,M405
LG8,3102175,3102176,M27410,M27410
LG8,3289948,3289949,M8835,M8835
LG8,3461625,3461626,M16938,M16938
LG8,3700358,3700359,M18642,M18642
LG8,3940828,3940829,M7659,M7659
LG8,4248238,4248239,M11060,M11060
LG8,4587196,4587197,M26501,M26501
LG8,4761910,4761911,M5942,M5942
LG8,5479465,5479466,M13234,M13234
LG8,5984692,5984693,M1877,M1877
LG8,6083050,6083051,M31505,M31505
LG8,6470004,6470005,M27435,M27435
LG8,7104619,7104620,M2760,M2760
LG9,0,1,M31280,M31280
LG9,155154,155155,M11130,M11130
LG9,309582,309583,M28073,M28073
LG9,460352,460353,M19009,M19009
LG9,574834,574835,M13006,M13006
LG9,1249946,1249947,M32623,M32623
LG9,1384705,1384706,M16824,M16824
LG9,1578107,1578108,M6773,M6773
LG9,1674440,1674441,M38876,M38876
LG9,1815359,1815360,M44765,M44765
LG9,1958271,1958272,M12538,M12538
LG9,2273518,2273519,M5437,M5437
LG9,2469230,2469231,M437,M437
LG9,2829206,2829207,M39707,M39707
LG9,2961128,2961129,M34829,M34829
LG9,3049014,3049015,M471,M471
LG9,3293630,3293631,M15447,M15447
LG9,3811943,3811944,M33106,M33106
LG9,3980741,3980742,M16622,M16622
LG9,4131669,4131670,M15803,M15803
LG9,4281449,4281450,M36006,M36006
LG9,4480759,4480760,M3541,M3541
LG9,4606753,4606754,M12072,M12072
LG9,4763121,4763122,M43025,M43025
LG9,5440231,5440232,M34203,M34203
LG9,5577020,5577021,M44272,M44272
LG9,5728039,5728040,M13376,M13376
LG9,6105909,6105910,M948,M948
LG9,6618755,6618756,M30472,M30472
LG9,6782934,6782935,M26487,M26487
LG9,6995682,6995683,M26815,M26815
LG9,7328720,7328721,M34279,M34279
LG9,7682737,7682738,M44329,M44329
LG9,8105395,8105396,M4025,M4025
LG9,8438065,8438066,M12296,M12296
LG9,9070274,9070275,M14577,M14577
LG9,9203781,9203782,M3540,M3540
LG9,9418005,9418006,M18979,M18979
LG9,9725570,9725571,M18986,M18986
LG9,10081855,10081856,M22965,M22965
LG9,10380940,10380941,M12067,M12067
LG9,10691288,10691289,M42519,M42519
LG9,10808117,10808118,M4153,M4153
LG9,11050243,11050244,M40655,M40655
LG9,11320422,11320423,M40173,M40173
LG9,11739455,11739456,M21398,M21398
LG9,12183558,12183559,M43779,M43779
LG9,12297936,12297937,M18489,M18489
LG9,12780729,12780730,M25747,M25747
LG9,12916228,12916229,M32351,M32351
LG10,0,1,M5302,M5302
LG10,216870,216871,M20174,M20174
LG10,296420,296421,M10506,M10506
LG10,444747,444748,M7725,M7725
LG10,682534,682535,M11357,M11357
LG10,1025993,1025994,M7948,M7948
LG10,1306314,1306315,M2593,M2593
LG10,1764538,1764539,M31397,M31397
LG10,1908469,1908470,M33241,M33241
LG10,2872115,2872116,M44448,M44448
LG10,3073796,3073797,M34432,M34432
LG10,3177913,3177914,M16941,M16941
LG10,3641222,3641223,M41201,M41201
LG10,4372759,4372760,M5031,M5031
LG10,5416662,5416663,M45557,M45557
LG10,5578231,5578232,M12623,M12623
LG10,5733266,5733267,M20842,M20842
LG10,5967250,5967251,M2478,M2478
LG10,6163005,6163006,M18056,M18056
LG10,6521717,6521718,M29642,M29642
LG10,6727819,6727820,M41225,M41225
LG10,6831763,6831764,M31488,M31488
LG10,7013443,7013444,M9018,M9018
LG10,7439458,7439459,M27024,M27024
LG10,7590126,7590127,M19553,M19553
LG10,7761763,7761764,M10659,M10659
LG10,7987263,7987264,M40424,M40424
LG10,8331560,8331561,M32042,M32042
LG10,8463029,8463030,M494,M494
LG10,8576002,8576003,M20991,M20991
LG10,8754162,8754163,M25921,M25921
LG10,8833865,8833866,M34181,M34181
LG10,9089334,9089335,M11170,M11170
LG10,9792429,9792430,M37808,M37808
LG10,9919666,9919667,M968,M968
LG10,10060989,10060990,M16141,M16141
LG11,0,1,M2599,M2599
LG11,138888,138889,M38978,M38978
LG11,256905,256906,M12957,M12957
LG11,334320,334321,M37056,M37056
LG11,515415,515416,M43339,M43339
LG11,726394,726395,M44471,M44471
LG11,860668,860669,M3957,M3957
LG11,1206542,1206543,M13499,M13499
LG11,1359148,1359149,M3043,M3043
LG11,1511618,1511619,M27990,M27990
LG11,1699635,1699636,M1436,M1436
LG11,2041904,2041905,M10718,M10718
LG11,2168229,2168230,M19361,M19361
LG11,2466319,2466320,M11595,M11595
LG11,2750662,2750663,M43982,M43982
LG11,3137542,3137543,M2487,M2487
LG11,3281656,3281657,M551,M551
LG11,3494677,3494678,M22078,M22078
LG11,3641436,3641437,M29723,M29723
LG11,4254936,4254937,M11428,M11428
LG11,4657137,4657138,M20628,M20628
LG11,4802745,4802746,M44084,M44084
LG11,5023482,5023483,M28000,M28000
LG11,5248280,5248281,M21320,M21320
LG11,6472746,6472747,M21079,M21079
LG11,7081416,7081417,M39924,M39924
LG11,7319805,7319806,M9179,M9179
LG11,7479502,7479503,M2585,M2585
LG11,7695448,7695449,M36419,M36419
LG11,7803352,7803353,M12866,M12866
LG11,7969631,7969632,M31268,M31268
LG11,8198165,8198166,M25623,M25623
LG11,8489306,8489307,M35269,M35269
LG11,8777652,8777653,M19027,M19027
LG11,9054841,9054842,M13623,M13623
LG11,9302175,9302176,M18401,M18401
LG11,9447308,9447309,M22570,M22570
LG11,9865900,9865901,M5474,M5474
LG11,10381115,10381116,M40014,M40014
LG11,10572366,10572367,M14027,M14027
LG11,10637037,10637038,M16589,M16589
LG11,10771530,10771531,M30246,M30246
LG11,11253481,11253482,M28459,M28459
LG11,11320345,11320346,M36783,M36783
LG11,12003493,12003494,M32676,M32676
LG11,12211343,12211344,M27888,M27888
LG11,12367426,12367427,M39789,M39789
LG11,13097449,13097450,M11715,M11715
LG11,13358513,13358514,M18888,M18888
LG11,13666565,13666566,M45219,M45219
LG11,13917682,13917683,M29833,M29833
LG12,0,1,M15644,M15644
LG12,166134,166135,M39401,M39401
LG12,422712,422713,M1684,M1684
LG12,809064,809065,M22567,M22567
LG12,1432754,1432755,M14356,M14356
LG12,1805212,1805213,M11771,M11771
LG12,1967406,1967407,M29602,M29602
LG12,2689166,2689167,M28485,M28485
LG12,3032940,3032941,M5354,M5354
LG12,3831758,3831759,M29349,M29349
LG12,4005269,4005270,M10332,M10332
LG12,4167396,4167397,M25308,M25308
LG12,4231403,4231404,M32970,M32970
LG12,4372320,4372321,M12549,M12549
LG12,4605845,4605846,M31732,M31732
LG12,5121709,5121710,M36232,M36232
LG12,5236527,5236528,M10207,M10207
LG12,5341348,5341349,M16373,M16373
LG12,5744915,5744916,M41555,M41555
LG12,5970584,5970585,M40114,M40114
LG12,6099920,6099921,M21672,M21672
LG12,6205379,6205380,M13504,M13504
LG12,6370806,6370807,M30039,M30039
LG12,6718304,6718305,M14240,M14240
LG12,6957812,6957813,M6764,M6764
LG12,7143430,7143431,M19647,M19647
LG12,7265554,7265555,M33590,M33590
LG12,7401212,7401213,M45702,M45702
LG12,7536157,7536158,M37584,M37584
LG12,7824268,7824269,M10119,M10119
LG12,8165025,8165026,M33328,M33328
LG12,8518696,8518697,M1665,M1665
LG12,8703690,8703691,M37747,M37747
LG12,8808416,8808417,M45348,M45348
LG12,8929511,8929512,M34607,M34607
LG12,9084129,9084130,M3536,M3536
LG12,9403218,9403219,M38872,M38872
LG12,9553161,9553162,M3442,M3442
LG12,9638965,9638966,M4687,M4687
LG12,9904728,9904729,M19969,M19969
LG12,10150280,10150281,M38333,M38333
LG12,10325283,10325284,M24851,M24851
LG12,10914704,10914705,M552,M552
LG12,11133728,11133729,M45086,M45086
LG12,11271786,11271787,M19866,M19866
LG12,11641412,11641413,M43310,M43310
LG12,11763647,11763648,M7790,M7790
LG12,12013056,12013057,M11929,M11929
LG12,12443675,12443676,M26466,M26466
LG12,13060549,13060550,M32615,M32615
LG12,13495891,13495892,M33507,M33507
LG12,13681238,13681239,M34557,M34557
LG12,13897717,13897718,M28183,M28183
LG13,0,1,M34343,M34343
LG13,421743,421744,M4002,M4002
LG13,750489,750490,M40649,M40649
LG13,1104074,1104075,M14664,M14664
LG13,1422665,1422666,M12512,M12512
LG13,1664006,1664007,M37837,M37837
LG13,1778578,1778579,M23134,M23134
LG13,1846577,1846578,M13825,M13825
LG13,2171652,2171653,M6635,M6635
LG13,2856301,2856302,M12129,M12129
LG13,3012903,3012904,M34363,M34363
LG13,3797067,3797068,M679,M679
LG13,3933240,3933241,M17048,M17048
LG13,4187573,4187574,M7990,M7990
LG13,4366003,4366004,M33218,M33218
LG13,4460938,4460939,M11723,M11723
LG13,4775989,4775990,M37953,M37953
LG13,4832551,4832552,M1708,M1708
LG13,5451465,5451466,M32423,M32423
LG13,5500032,5500033,M5226,M5226
LG13,6111464,6111465,M10644,M10644
LG13,6275408,6275409,M1227,M1227
LG13,6404272,6404273,M3438,M3438
LG13,6521605,6521606,M20566,M20566
LG13,6651562,6651563,M16467,M16467
LG13,6768434,6768435,M17240,M17240
LG13,6812013,6812014,M38081,M38081
LG13,6878434,6878435,M19439,M19439
LG13,6904304,6904305,M41274,M41274
LG13,7504858,7504859,M21812,M21812
LG13,7595025,7595026,M42682,M42682
LG14,0,1,M6403,M6403
LG14,227906,227907,M30905,M30905
LG14,361511,361512,M4917,M4917
LG14,655114,655115,M35239,M35239
LG14,837993,837994,M29191,M29191
LG14,923184,923185,M24267,M24267
LG14,1008222,1008223,M35714,M35714
LG14,1094293,1094294,M44219,M44219
LG14,1464886,1464887,M23881,M23881
LG14,1568709,1568710,M30291,M30291
LG14,1629750,1629751,M25977,M25977
LG14,1689750,1689751,M822,M822
LG14,1824945,1824946,M8519,M8519
LG14,2564213,2564214,M29123,M29123
LG14,2757308,2757309,M2519,M2519
LG14,3072654,3072655,M34356,M34356
LG14,4024455,4024456,M28790,M28790
LG14,4423478,4423479,M41749,M41749
LG14,4585135,4585136,M16495,M16495
LG14,4837180,4837181,M17738,M17738
LG14,5474877,5474878,M41250,M41250
LG14,5574408,5574409,M3759,M3759
LG14,5695525,5695526,M28319,M28319
LG14,5854235,5854236,M40427,M40427
LG14,6050708,6050709,M15592,M15592
LG14,6653833,6653834,M10732,M10732
LG14,7090449,7090450,M41457,M41457
LG14,7277800,7277801,M42671,M42671
LG14,7633006,7633007,M18248,M18248
LG14,8000933,8000934,M17076,M17076
LG14,8287292,8287293,M684,M684
LG14,8991079,8991080,M23190,M23190
LG14,9273528,9273529,M949,M949
LG14,9488024,9488025,M45094,M45094
LG14,9977829,9977830,M45383,M45383
LG14,10669941,10669942,M41022,M41022
LG14,10840354,10840355,M14825,M14825
LG14,11047388,11047389,M8717,M8717
LG14,11232717,11232718,M29072,M29072
LG14,11375052,11375053,M30669,M30669
LG14,11560043,11560044,M20213,M20213
LG14,12006793,12006794,M39575,M39575
LG14,12075842,12075843,M39325,M39325
LG14,12168498,12168499,M2589,M2589
LG14,12230145,12230146,M36778,M36778
LG15,0,1,M34638,M34638
LG15,431562,431563,M26490,M26490
LG15,593828,593829,M18960,M18960
LG15,829897,829898,M26106,M26106
LG15,1442769,1442770,M7381,M7381
LG15,1520592,1520593,M39771,M39771
LG15,2444222,2444223,M30490,M30490
LG15,2739965,2739966,M45375,M45375
LG15,3503455,3503456,M23061,M23061
LG15,3686886,3686887,M18237,M18237
LG15,3916795,3916796,M1377,M1377
LG15,4070444,4070445,M2636,M2636
LG15,4122925,4122926,M18318,M18318
LG15,4318622,4318623,M22905,M22905
LG15,5237927,5237928,M1321,M1321
LG15,5507249,5507250,M30940,M30940
LG15,5720506,5720507,M29286,M29286
LG15,5782405,5782406,M16827,M16827
LG15,5878484,5878485,M25250,M25250
LG15,6180348,6180349,M33696,M33696
LG15,6278544,6278545,M29935,M29935
LG15,6421841,6421842,M7863,M7863
LG15,6752359,6752360,M37104,M37104
LG15,6906860,6906861,M36640,M36640
LG15,7102501,7102502,M13144,M13144
LG15,7247896,7247897,M1055,M1055
LG15,7405628,7405629,M40771,M40771
LG15,7578518,7578519,M18523,M18523
LG15,7905293,7905294,M26901,M26901
LG15,8189377,8189378,M1843,M1843
LG15,8648482,8648483,M16856,M16856
LG15,8777481,8777482,M18683,M18683
LG15,10028050,10028051,M31646,M31646
LG15,10223708,10223709,M38919,M38919
LG15,10442229,10442230,M24513,M24513
LG15,11154287,11154288,M37202,M37202
LG15,11304009,11304010,M40912,M40912
LG15,11906734,11906735,M22157,M22157
LG15,12377608,12377609,M12758,M12758
LG15,12698423,12698424,M45753,M45753
LG15,12922911,12922912,M33519,M33519
LG15,13105928,13105929,M15568,M15568
LG15,13388780,13388781,M30105,M30105
LG15,13524931,13524932,M6892,M6892
LG15,13583240,13583241,M696,M696
LG15,13763021,13763022,M34075,M34075
LG16,0,1,M38130,M38130
LG16,162135,162136,M741,M741
LG16,615843,615844,M9482,M9482
LG16,816397,816398,M1425,M1425
LG16,1164175,1164176,M12647,M12647
LG16,1676495,1676496,M24947,M24947
LG16,1834042,1834043,M1130,M1130
LG16,2182688,2182689,M12780,M12780
LG16,2638716,2638717,M38263,M38263
LG16,2786096,2786097,M7270,M7270
LG16,3658068,3658069,M11704,M11704
LG16,3702879,3702880,M4499,M4499
LG16,3847719,3847720,M1369,M1369
LG16,4300117,4300118,M1654,M1654
LG16,4347139,4347140,M37978,M37978
LG16,4781071,4781072,M20182,M20182
LG16,4832924,4832925,M40778,M40778
LG16,5019782,5019783,M26016,M26016
LG16,5098319,5098320,M29893,M29893
LG16,5189241,5189242,M2369,M2369
LG16,5250381,5250382,M13810,M13810
LG16,5432431,5432432,M33565,M33565
LG16,5777605,5777606,M29424,M29424
LG16,5891762,5891763,M29367,M29367
LG16,6105014,6105015,M12433,M12433
LG16,6394376,6394377,M41971,M41971
LG16,6601038,6601039,M27820,M27820
LG16,6683406,6683407,M32868,M32868
LG16,7200487,7200488,M22964,M22964
LG16,7313976,7313977,M2791,M2791
LG16,7365589,7365590,M11169,M11169
LG16,7406948,7406949,M29891,M29891
LG16,7749843,7749844,M11759,M11759
LG16,8251718,8251719,M10984,M10984
LG16,8359458,8359459,M32685,M32685
LG16,8794927,8794928,M23086,M23086
LG16,9074180,9074181,M9704,M9704
LG16,9242735,9242736,M32585,M32585
LG16,9405758,9405759,M30973,M30973
LG16,9585258,9585259,M35412,M35412
LG16,9689864,9689865,M17202,M17202
LG16,10011911,10011912,M35429,M35429
LG16,10258038,10258039,M13999,M13999
LG16,10332701,10332702,M7463,M7463
LG16,10440193,10440194,M28473,M28473
LG16,10872321,10872322,M43716,M43716
LG16,11072563,11072564,M38996,M38996
LG16,11127303,11127304,M17315,M17315
LG16,12199652,12199653,M14788,M14788
LG16,14302009,14302010,M45356,M45356
LG17,0,1,M9993,M9993
LG17,134476,134477,M15647,M15647
LG17,278689,278690,M4417,M4417
LG17,360984,360985,M2630,M2630
LG17,447738,447739,M17784,M17784
LG17,521509,521510,M24499,M24499
LG17,673528,673529,M2611,M2611
LG17,815946,815947,M17466,M17466
LG17,910935,910936,M17701,M17701
LG17,990956,990957,M44492,M44492
LG17,1131745,1131746,M37835,M37835
LG17,1221886,1221887,M4918,M4918
LG17,1355545,1355546,M14456,M14456
LG17,1664113,1664114,M2339,M2339
LG17,1834362,1834363,M17693,M17693
LG17,1892593,1892594,M38316,M38316
LG17,2105205,2105206,M28965,M28965
LG17,2331888,2331889,M4705,M4705
LG17,3182132,3182133,M43736,M43736
LG17,3318558,3318559,M17625,M17625
LG17,3425552,3425553,M39018,M39018
LG17,3615808,3615809,M17245,M17245
LG17,4149164,4149165,M45542,M45542
LG17,4487763,4487764,M14198,M14198
LG17,4917647,4917648,M2975,M2975
LG17,5142966,5142967,M45310,M45310
LG17,6003145,6003146,M27920,M27920
LG17,6170067,6170068,M18982,M18982
LG17,6348694,6348695,M6478,M6478
LG17,6516105,6516106,M39689,M39689
LG17,6758413,6758414,M5828,M5828
LG17,6914321,6914322,M42843,M42843
LG17,7095639,7095640,M9569,M9569
LG17,7414580,7414581,M14937,M14937
LG17,7470543,7470544,M7371,M7371
LG17,7564183,7564184,M28130,M28130
LG17,7681149,7681150,M43393,M43393
LG17,7843740,7843741,M35716,M35716
LG17,7995939,7995940,M35254,M35254
LG17,8112946,8112947,M18305,M18305
LG17,8242489,8242490,M12722,M12722
LG17,8327806,8327807,M14563,M14563
LG17,8391233,8391234,M41441,M41441
LG17,8496107,8496108,M13820,M13820
LG17,8628174,8628175,M17323,M17323
LG17,8857167,8857168,M18638,M18638
LG17,9077664,9077665,M12171,M12171
LG17,9226194,9226195,M14347,M14347
LG17,9505493,9505494,M39777,M39777
LG17,9704444,9704445,M16294,M16294
LG17,9782425,9782426,M19475,M19475
LG17,9932657,9932658,M40961,M40961
LG17,10098290,10098291,M34477,M34477
LG17,10265884,10265885,M19117,M19117
LG17,10363239,10363240,M41751,M41751
LG17,10567690,10567691,M41168,M41168
LG17,11050609,11050610,M14780,M14780
LG17,11133230,11133231,M1099,M1099
LG17,11286079,11286080,M25444,M25444
LG17,11420398,11420399,M45347,M45347
LG17,11977621,11977622,M792,M792
LG17,12175736,12175737,M21126,M21126
LG17,12393744,12393745,M13195,M13195
LG17,12550784,12550785,M1904,M1904
LG17,12686251,12686252,M18947,M18947
LG17,12799664,12799665,M32634,M32634
LG17,12885891,12885892,M13607,M13607
LG17,13025220,13025221,M25431,M25431
LG17,13148684,13148685,M17494,M17494
LG17,13398584,13398585,M21718,M21718
LG17,13660244,13660245,M15045,M15045
LG17,14051582,14051583,M39339,M39339
LG17,14415811,14415812,M27441,M27441
LG17,14584412,14584413,M15018,M15018
LG17,14848005,14848006,M43120,M43120
LG17,15065963,15065964,M18239,M18239
LG17,15483593,15483594,M14280,M14280
LG17,15707069,15707070,M2436,M2436
LG17,15781029,15781030,M29994,M29994
LG17,15992393,15992394,M19880,M19880
LG17,16255123,16255124,M13258,M13258
LG17,16405775,16405776,M1178,M1178
LG17,16547404,16547405,M26244,M26244
LG17,16698598,16698599,M22382,M22382
LG17,16917770,16917771,M31516,M31516
LG17,17145875,17145876,M16869,M16869
LG17,17302899,17302900,M35500,M35500
LG17,17832313,17832314,M37391,M37391
LG17,18051496,18051497,M40240,M40240
LG17,18613738,18613739,M12548,M12548
LG17,23123585,23123586,M13107,M13107
LG18,0,1,M10176,M10176
LG18,275646,275647,M12126,M12126
LG18,349026,349027,M12965,M12965
LG18,473162,473163,M22551,M22551
LG18,721616,721617,M42204,M42204
LG18,923314,923315,M15263,M15263
LG18,1450273,1450274,M8060,M8060
LG18,1720029,1720030,M34367,M34367
LG18,1854782,1854783,M43921,M43921
LG18,1949802,1949803,M28614,M28614
LG18,2075807,2075808,M2145,M2145
LG18,2331550,2331551,M13438,M13438
LG18,2816144,2816145,M8709,M8709
LG18,3016287,3016288,M36411,M36411
LG18,3169467,3169468,M32254,M32254
LG18,3279826,3279827,M29490,M29490
LG18,3484897,3484898,M13178,M13178
LG18,3590446,3590447,M4068,M4068
LG18,4110264,4110265,M23551,M23551
LG18,4320237,4320238,M8571,M8571
LG18,4515663,4515664,M18133,M18133
LG18,4601296,4601297,M35653,M35653
LG18,4739926,4739927,M33067,M33067
LG18,4937002,4937003,M8427,M8427
LG18,5204754,5204755,M36993,M36993
LG18,5376988,5376989,M21905,M21905
LG18,5529834,5529835,M10521,M10521
LG18,5695076,5695077,M3188,M3188
LG18,5894197,5894198,M3615,M3615
LG18,6462058,6462059,M11427,M11427
LG18,6687020,6687021,M30255,M30255
LG18,7009883,7009884,M40934,M40934
LG18,7129699,7129700,M23748,M23748
LG18,7441708,7441709,M20914,M20914
LG18,7651099,7651100,M36712,M36712
LG18,7703479,7703480,M32068,M32068
LG18,8045471,8045472,M16678,M16678
LG18,8142505,8142506,M33548,M33548
LG18,8248087,8248088,M19662,M19662
LG18,8312384,8312385,M17814,M17814
LG18,8376340,8376341,M17154,M17154
LG18,8505139,8505140,M40945,M40945
LG18,8542008,8542009,M36122,M36122
LG18,8579477,8579478,M45745,M45745
LG18,8654324,8654325,M20443,M20443
LG18,8739829,8739830,M30371,M30371
LG18,8739830,8739831,M15925,M15925
LG18,9088666,9088667,M7450,M7450
LG18,9595354,9595355,M45333,M45333
LG18,9669419,9669420,M3179,M3179
LG18,9782176,9782177,M2936,M2936
LG18,10284791,10284792,M35560,M35560
LG18,10376536,10376537,M2607,M2607
LG18,10499442,10499443,M1122,M1122
LG18,10621034,10621035,M929,M929
LG18,10835231,10835232,M1565,M1565
LG18,12089200,12089201,M15088,M15088
LG18,12463027,12463028,M27245,M27245
LG18,12723355,12723356,M9444,M9444
LG18,12880789,12880790,M5299,M5299
LG18,13163720,13163721,M19185,M19185
LG18,13580183,13580184,M12574,M12574
LG18,13731977,13731978,M7618,M7618
LG18,13905499,13905500,M23878,M23878
LG18,14130465,14130466,M34014,M34014
LG18,14475721,14475722,M42253,M42253
LG18,14732887,14732888,M39812,M39812
LG18,14829053,14829054,M43537,M43537
LG18,14911989,14911990,M40097,M40097
LG18,15020543,15020544,M6222,M6222
LG18,15201592,15201593,M18572,M18572
LG19,0,1,M21560,M21560
LG19,64530,64531,M30872,M30872
LG19,283417,283418,M38307,M38307
LG19,470781,470782,M40296,M40296
LG19,578927,578928,M8381,M8381
LG19,852595,852596,M27781,M27781
LG19,1182399,1182400,M12903,M12903
LG19,1322511,1322512,M9666,M9666
LG19,1474383,1474384,M13758,M13758
LG19,2056526,2056527,M12922,M12922
LG19,2350931,2350932,M39698,M39698
LG19,2382922,2382923,M13970,M13970
LG19,2627027,2627028,M11700,M11700
LG19,2904771,2904772,M36925,M36925
LG19,4075246,4075247,M3266,M3266
LG19,4298314,4298315,M35744,M35744
LG19,4669583,4669584,M965,M965
LG19,5267942,5267943,M10115,M10115
LG19,5524835,5524836,M28656,M28656
LG19,5650345,5650346,M27087,M27087
LG19,5842251,5842252,M37348,M37348
LG19,6098468,6098469,M36491,M36491
LG19,6764099,6764100,M38252,M38252
LG19,7017694,7017695,M13580,M13580
LG19,7408020,7408021,M34726,M34726
LG19,8037618,8037619,M40120,M40120
LG19,8197981,8197982,M14852,M14852
LG19,8516113,8516114,M36173,M36173
LG20,0,1,M38821,M38821
LG20,373624,373625,M38005,M38005
LG20,609405,609406,M43767,M43767
LG20,891764,891765,M7665,M7665
LG20,1483083,1483084,M43874,M43874
LG20,1663113,1663114,M10409,M10409
LG20,1889768,1889769,M44679,M44679
LG20,2281138,2281139,M11622,M11622
LG20,2528759,2528760,M2886,M2886
LG20,2667183,2667184,M10430,M10430
LG20,3168961,3168962,M31565,M31565
LG20,3368389,3368390,M38775,M38775
LG20,3631010,3631011,M34610,M34610
LG20,4102507,4102508,M19963,M19963
LG20,4294613,4294614,M18980,M18980
LG20,4683242,4683243,M991,M991
LG20,4908086,4908087,M43646,M43646
LG20,5029077,5029078,M7489,M7489
LG20,5101407,5101408,M20785,M20785
LG20,5179013,5179014,M44760,M44760
LG20,5361979,5361980,M3669,M3669
LG20,5532871,5532872,M29120,M29120
LG20,5763204,5763205,M37522,M37522
LG20,5971000,5971001,M10002,M10002
LG20,6109345,6109346,M34453,M34453
LG20,6315621,6315622,M33253,M33253
LG20,6553568,6553569,M23916,M23916
LG20,6973744,6973745,M42932,M42932
LG20,7302555,7302556,M13287,M13287
LG20,7641511,7641512,M8265,M8265
LG20,7688262,7688263,M37842,M37842
LG20,7798271,7798272,M26133,M26133
LG20,8712503,8712504,M37184,M37184
LG20,8891793,8891794,M43442,M43442
LG20,9043784,9043785,M39849,M39849
LG20,9210375,9210376,M18587,M18587
LG20,9789886,9789887,M43830,M43830
LG20,10027269,10027270,M3786,M3786
LG20,10496991,10496992,M20020,M20020
LG20,10874023,10874024,M37179,M37179
LG20,11049410,11049411,M43275,M43275
LG20,11123679,11123680,M42368,M42368
LG20,11298074,11298075,M39484,M39484
LG20,11438074,11438075,M8676,M8676
LG20,11552216,11552217,M24178,M24178
LG20,12093664,12093665,M36299,M36299
LG20,12309242,12309243,M17922,M17922
LG20,12819342,12819343,M4763,M4763
LG20,13204332,13204333,M26640,M26640
LG20,13453774,13453775,M3098,M3098
LG20,13573147,13573148,M13443,M13443
LG20,13680054,13680055,M36313,M36313
LG20,13776009,13776010,M41004,M41004
LG20,14011187,14011188,M24232,M24232
LG20,14358985,14358986,M35034,M35034
LG20,14545525,14545526,M25814,M25814
LG20,14765466,14765467,M44579,M44579
LG20,15021989,15021990,M29558,M29558
LG21,0,1,M1298,M1298
LG21,199418,199419,M14633,M14633
LG21,353675,353676,M12452,M12452
LG21,518944,518945,M7189,M7189
LG21,665483,665484,M12045,M12045
LG21,976008,976009,M36459,M36459
LG21,1309368,1309369,M16122,M16122
LG21,1513826,1513827,M13722,M13722
LG21,1712547,1712548,M28024,M28024
LG21,1879750,1879751,M24034,M24034
LG21,2341184,2341185,M39548,M39548
LG21,2598303,2598304,M2407,M2407
LG21,2766354,2766355,M31010,M31010
LG21,2856548,2856549,M17033,M17033
LG21,2856549,2856550,M2223,M2223
LG21,2942663,2942664,M33824,M33824
LG21,3418947,3418948,M13401,M13401
LG21,4195306,4195307,M7764,M7764
LG21,4509480,4509481,M33116,M33116
LG21,5155762,5155763,M30469,M30469
LG21,5369364,5369365,M24645,M24645
LG21,5460445,5460446,M38062,M38062
LG21,5627759,5627760,M43633,M43633
LG21,5783545,5783546,M40016,M40016
LG21,6316739,6316740,M18053,M18053
LG21,6477489,6477490,M14342,M14342
LG21,6710672,6710673,M18118,M18118
LG21,7268123,7268124,M31761,M31761
LG21,7372812,7372813,M21209,M21209
LG21,7557508,7557509,M16542,M16542
LG21,7870932,7870933,M40653,M40653
LG21,8029016,8029017,M27590,M27590
LG21,8115581,8115582,M5021,M5021
LG21,8201453,8201454,M3431,M3431
LG21,8318317,8318318,M6683,M6683
LG21,8725917,8725918,M8074,M8074
LG21,9184757,9184758,M32012,M32012
LG21,9325877,9325878,M9295,M9295
LG21,9463721,9463722,M29750,M29750
LG21,9680406,9680407,M12275,M12275
LG21,10041602,10041603,M43655,M43655
LG21,10136818,10136819,M40547,M40547
LG21,10404134,10404135,M18988,M18988
LG21,10538666,10538667,M27787,M27787
LG21,11732945,11732946,M1496,M1496
LG21,12659927,12659928,M2371,M2371
LG21,13176320,13176321,M31633,M31633
LG21,13236665,13236666,M38913,M38913
LG21,13339907,13339908,M26907,M26907
LG21,13471537,13471538,M44321,M44321
LG21,13638263,13638264,M22453,M22453
LG21,13760166,13760167,M12128,M12128
LG22,0,1,M10510,M10510
LG22,139981,139982,M1789,M1789
LG22,229563,229564,M10891,M10891
LG22,401121,401122,M30656,M30656
LG22,619299,619300,M21705,M21705
LG22,919830,919831,M21984,M21984
LG22,1404891,1404892,M5369,M5369
LG22,1724123,1724124,M45176,M45176
LG22,1909081,1909082,M27338,M27338
LG22,2011666,2011667,M5801,M5801
LG22,2547816,2547817,M11580,M11580
LG22,2585986,2585987,M19420,M19420
LG22,2798456,2798457,M23870,M23870
LG22,2835829,2835830,M6504,M6504
LG22,3030047,3030048,M11465,M11465
LG22,3445031,3445032,M36878,M36878
LG22,4078223,4078224,M36440,M36440
LG22,4291859,4291860,M10385,M10385
LG22,4676340,4676341,M39154,M39154
LG22,4798286,4798287,M6166,M6166
LG22,5135989,5135990,M27092,M27092
LG22,5257165,5257166,M9954,M9954
LG22,5417050,5417051,M1446,M1446
LG22,5534892,5534893,M25107,M25107
LG22,5641145,5641146,M9601,M9601
LG22,5743580,5743581,M23261,M23261
LG22,5914909,5914910,M8386,M8386
LG22,6008347,6008348,M33686,M33686
LG22,6102659,6102660,M42548,M42548
LG22,6467972,6467973,M44057,M44057
LG22,6651280,6651281,M9529,M9529
LG22,6885981,6885982,M41797,M41797
LG22,7305685,7305686,M44863,M44863
LG22,7350178,7350179,M26262,M26262
LG22,7428448,7428449,M7758,M7758
LG22,7843653,7843654,M39125,M39125
LG22,7961064,7961065,M20442,M20442
LG22,8265237,8265238,M29884,M29884
LG22,8611494,8611495,M17514,M17514
LG22,9126368,9126369,M24525,M24525
LG22,9325340,9325341,M43133,M43133
LG22,9502518,9502519,M8239,M8239
LG22,9560636,9560637,M8487,M8487
LG22,9749984,9749985,M19064,M19064
LG22,9982140,9982141,M28738,M28738
LG22,10477024,10477025,M16162,M16162
LG22,10799994,10799995,M33254,M33254
LG22,11004288,11004289,M43606,M43606
LG23,0,1,M12272,M12272
LG23,1516951,1516952,M22026,M22026
LG23,2441051,2441052,M36469,M36469
LG23,2468631,2468632,M3828,M3828
LG23,2779426,2779427,M36729,M36729
LG23,2863106,2863107,M17234,M17234
LG23,3630247,3630248,M38557,M38557
LG23,3989636,3989637,M1510,M1510
LG23,4276296,4276297,M18934,M18934
LG23,4416673,4416674,M6949,M6949
LG23,4611882,4611883,M36608,M36608
LG23,5281667,5281668,M11969,M11969
LG23,5565981,5565982,M6388,M6388
LG23,5697427,5697428,M22244,M22244
LG23,6299904,6299905,M9489,M9489
LG23,6621100,6621101,M4767,M4767
LG23,7022340,7022341,M8764,M8764
LG23,7480697,7480698,M2973,M2973
LG23,8095688,8095689,M35605,M35605
LG23,8347548,8347549,M36603,M36603
LG23,8498350,8498351,M19708,M19708
LG23,8570001,8570002,M19135,M19135
LG23,8695034,8695035,M40606,M40606
LG24,0,1,M36563,M36563
LG24,138698,138699,M28463,M28463
LG24,229440,229441,M2591,M2591
LG24,348006,348007,M12234,M12234
LG24,348009,348010,M42954,M42954
LG24,490170,490171,M8624,M8624
LG24,962342,962343,M25950,M25950
LG24,1492242,1492243,M41813,M41813
LG24,2042824,2042825,M6180,M6180
LG24,2187403,2187404,M27453,M27453
LG24,2866142,2866143,M25446,M25446
LG24,3735176,3735177,M21127,M21127
LG24,7358686,7358687,M44741,M44741
LG24,7462510,7462511,M35150,M35150
LG24,7687786,7687787,M2465,M2465
LG24,7831235,7831236,M45057,M45057
LG24,8402785,8402786,M5157,M5157
LG24,9006731,9006732,M23533,M23533
LG24,9182049,9182050,M1627,M1627
LG24,9422259,9422260,M38491,M38491
LG24,9540988,9540989,M43791,M43791
LG24,10053440,10053441,M16961,M16961
LG24,10338122,10338123,M36882,M36882
LG24,10734273,10734274,M9149,M9149
LG24,11207320,11207321,M40482,M40482
LG24,12234957,12234958,M20412,M20412
LG24,12406718,12406719,M3281,M3281
LG24,12826880,12826881,M35634,M35634
LG24,12943808,12943809,M13250,M13250
LG24,13675322,13675323,M32554,M32554
LG24,14154067,14154068,M16393,M16393
LG24,14526182,14526183,M17070,M17070
LG24,14702617,14702618,M5407,M5407
LG24,14782944,14782945,M40610,M40610
LG24,15019782,15019783,M34004,M34004
LG24,15374355,15374356,M39219,M39219
LG24,15557896,15557897,M10814,M10814
LG24,16053394,16053395,M44064,M44064
LG24,16426579,16426580,M3164,M3164
LG25,0,1,M38537,M38537
LG25,605812,605813,M9817,M9817
LG25,1028954,1028955,M19777,M19777
LG25,6916942,6916943,M30009,M30009
LG25,7237185,7237186,M11529,M11529
LG25,7514218,7514219,M25941,M25941
LG25,7569513,7569514,M13891,M13891
LG25,8163010,8163011,M15607,M15607
LG25,8364441,8364442,M37211,M37211
LG25,8439948,8439949,M33074,M33074
LG25,9523367,9523368,M12663,M12663
LG25,10124589,10124590,M32723,M32723
LG25,10278387,10278388,M4738,M4738
LG25,10478571,10478572,M11681,M11681
LG25,11172144,11172145,M42098,M42098
LG25,11770575,11770576,M37368,M37368
LG25,12086915,12086916,M30087,M30087
LG25,12630931,12630932,M9935,M9935
LG25,12847212,12847213,M1800,M1800
LG25,12969205,12969206,M18940,M18940
LG25,13124082,13124083,M42863,M42863
LG25,13349906,13349907,M34701,M34701
LG25,13600100,13600101,M31271,M31271
LG25,13797599,13797600,M16982,M16982
LG25,13984786,13984787,M18975,M18975
LG25,14232487,14232488,M43325,M43325
LG25,15212643,15212644,M12560,M12560
LG25,15930819,15930820,M30660,M30660
LG26,0,1,M25799,M25799
LG26,183105,183106,M15069,M15069
LG26,450853,450854,M11991,M11991
LG26,567283,567284,M25539,M25539
LG26,711091,711092,M15956,M15956
LG26,810094,810095,M2661,M2661
LG26,959806,959807,M6084,M6084
LG26,1073331,1073332,M3372,M3372
LG26,1428006,1428007,M26803,M26803
LG26,1630708,1630709,M15513,M15513
LG26,1924298,1924299,M23537,M23537
LG26,2135851,2135852,M32284,M32284
LG26,2726831,2726832,M8263,M8263
LG26,2861752,2861753,M43147,M43147
LG26,2955504,2955505,M6905,M6905
LG26,2992629,2992630,M35345,M35345
LG26,3440765,3440766,M16850,M16850
LG26,3633364,3633365,M31718,M31718
LG26,4046614,4046615,M42526,M42526
LG26,4243985,4243986,M21844,M21844
LG26,4935677,4935678,M26504,M26504
LG26,5333413,5333414,M45362,M45362
LG26,5483929,5483930,M29665,M29665
LG26,5767327,5767328,M34599,M34599
LG26,6157345,6157346,M15463,M15463
LG26,6304291,6304292,M31998,M31998
LG26,6884394,6884395,M39740,M39740
LG26,7133423,7133424,M14922,M14922
LG26,7247346,7247347,M34636,M34636
LG26,7408899,7408900,M27594,M27594
LG26,7555171,7555172,M2754,M2754
LG26,7773271,7773272,M15223,M15223
LG26,8663990,8663991,M38845,M38845
LG26,9236530,9236531,M34175,M34175
LG26,9436550,9436551,M19126,M19126
LG26,9596638,9596639,M15654,M15654
LG26,10297279,10297280,M16297,M16297
LG26,10642513,10642514,M18067,M18067
LG26,11101732,11101733,M3318,M3318
LG26,11445366,11445367,M29346,M29346
LG26,11604286,11604287,M32168,M32168
LG27,0,1,M35931,M35931
LG27,156626,156627,M27976,M27976
LG27,233720,233721,M26194,M26194
LG27,292912,292913,M14949,M14949
LG27,404294,404295,M24800,M24800
LG27,499662,499663,M3513,M3513
LG27,691620,691621,M9779,M9779
LG27,953081,953082,M21880,M21880
LG27,1006587,1006588,M15969,M15969
LG27,1186487,1186488,M40205,M40205
LG27,1348297,1348298,M35437,M35437
LG27,1530582,1530583,M10307,M10307
LG27,1819986,1819987,M21699,M21699
LG27,2193447,2193448,M33857,M33857
LG27,2541318,2541319,M42246,M42246
LG27,3175434,3175435,M15527,M15527
LG27,3500114,3500115,M6947,M6947
LG27,4073283,4073284,M3199,M3199
LG27,4320068,4320069,M36050,M36050
LG27,5017057,5017058,M5902,M5902
LG27,5279761,5279762,M19778,M19778
LG27,5455092,5455093,M21445,M21445
LG27,5737820,5737821,M6650,M6650
LG27,6009946,6009947,M20065,M20065
LG27,6246089,6246090,M20337,M20337
LG27,6420263,6420264,M27365,M27365
LG27,6700805,6700806,M30960,M30960
LG27,6870885,6870886,M23515,M23515
LG27,7280966,7280967,M30227,M30227
LG27,7468841,7468842,M33951,M33951
LG27,7687705,7687706,M38288,M38288
LG27,7957178,7957179,M13574,M13574
LG27,8294117,8294118,M19468,M19468
LG27,8365855,8365856,M13109,M13109
LG27,8559562,8559563,M11013,M11013
LG27,8920366,8920367,M12915,M12915
LG27,9048996,9048997,M36917,M36917
LG27,9315716,9315717,M5532,M5532
LG27,9723281,9723282,M4300,M4300
LG27,9845625,9845626,M31359,M31359
LG27,10355792,10355793,M16245,M16245
LG27,10427648,10427649,M16179,M16179
LG27,10654196,10654197,M40939,M40939
LG27,11109603,11109604,M41646,M41646
LG27,11278755,11278756,M32118,M32118
LG27,11449374,11449375,M32553,M32553
LG27,11683012,11683013,M35589,M35589
LG27,11885941,11885942,M32028,M32028
LG27,12054177,12054178,M33891,M33891
LG27,12385782,12385783,M31012,M31012
LG27,13240497,13240498,M30292,M30292
LG27,13311177,13311178,M43660,M43660
LG28,0,1,M20713,M20713
LG28,98920,98921,M43114,M43114
LG28,1005896,1005897,M20963,M20963
LG28,1095108,1095109,M9604,M9604
LG28,1281542,1281543,M14068,M14068
LG28,1620873,1620874,M22371,M22371
LG28,1975080,1975081,M3462,M3462
LG28,3342577,3342578,M18189,M18189
LG28,3504026,3504027,M16249,M16249
LG28,4012764,4012765,M22014,M22014
LG28,4266707,4266708,M20555,M20555
LG28,4407173,4407174,M5415,M5415
LG28,4610608,4610609,M30791,M30791
LG28,4836658,4836659,M40821,M40821
LG28,5027706,5027707,M35643,M35643
LG28,5118493,5118494,M17083,M17083
LG28,5219186,5219187,M21663,M21663
LG28,5396180,5396181,M16256,M16256
LG28,5498074,5498075,M17516,M17516
LG28,5677531,5677532,M23848,M23848
LG28,5979739,5979740,M9098,M9098
LG28,6198681,6198682,M12350,M12350
LG28,6933832,6933833,M15842,M15842
LG28,7044207,7044208,M11199,M11199
LG28,7376573,7376574,M38740,M38740
LG28,7874262,7874263,M30182,M30182
LG28,8002993,8002994,M24410,M24410
LG28,8347326,8347327,M6466,M6466
LG28,9058023,9058024,M9928,M9928
LG28,9423639,9423640,M36463,M36463
LG28,9997856,9997857,M8564,M8564
LG28,10301769,10301770,M23026,M23026
LG28,10604020,10604021,M38050,M38050
LG28,10877637,10877638,M5194,M5194
LG28,11246914,11246915,M10524,M10524
LG28,11478467,11478468,M18182,M18182
LG28,11871149,11871150,M36026,M36026
LG28,12174477,12174478,M30138,M30138
LG28,12243518,12243519,M26237,M26237
LG29,0,1,M3839,M3839
LG29,231854,231855,M33853,M33853
LG29,311120,311121,M20397,M20397
LG29,763894,763895,M10390,M10390
LG29,1156089,1156090,M33142,M33142
LG29,1408783,1408784,M6548,M6548
LG29,1631735,1631736,M17149,M17149
LG29,1758264,1758265,M43035,M43035
LG29,1925757,1925758,M36210,M36210
LG29,2182430,2182431,M18154,M18154
LG29,2445756,2445757,M8904,M8904
LG29,2717425,2717426,M15814,M15814
LG29,3092903,3092904,M39460,M39460
LG29,3190869,3190870,M3676,M3676
LG29,3358973,3358974,M43519,M43519
LG29,3564309,3564310,M43796,M43796
LG29,4190773,4190774,M23855,M23855
LG29,4279866,4279867,M15843,M15843
LG29,4333120,4333121,M5201,M5201
LG29,4644618,4644619,M24036,M24036
LG29,4816850,4816851,M25342,M25342
LG29,5055557,5055558,M42383,M42383
LG29,5749039,5749040,M26291,M26291
LG29,6252327,6252328,M36787,M36787
LG29,6405749,6405750,M28596,M28596
LG29,7205659,7205660,M35041,M35041
LG29,7429023,7429024,M32369,M32369
LG29,7536548,7536549,M35076,M35076
LG29,7600183,7600184,M14443,M14443
LG29,7663599,7663600,M34235,M34235
LG29,7663604,7663605,M23295,M23295
LG29,7848226,7848227,M27994,M27994
LG29,7986278,7986279,M34884,M34884
LG29,7986279,7986280,M30022,M30022
LG29,8136858,8136859,M11803,M11803
LG29,8222273,8222274,M29027,M29027
LG29,8477387,8477388,M36036,M36036
LG29,8680790,8680791,M23003,M23003
LG29,8793052,8793053,M40259,M40259
LG30,0,1,M34378,M34378
LG30,123452,123453,M21020,M21020
LG30,393649,393650,M5946,M5946
LG30,649455,649456,M45528,M45528
LG30,1477582,1477583,M14214,M14214
LG30,2276612,2276613,M8971,M8971
LG30,2564857,2564858,M16076,M16076
LG30,4137408,4137409,M21464,M21464
LG30,4732106,4732107,M38147,M38147
LG31,0,1,M19116,M19116
LG31,111112,111113,M44528,M44528
LG31,887460,887461,M20455,M20455
LG31,1537682,1537683,M29195,M29195
LG31,1828966,1828967,M41592,M41592
chr1,0,19673786,NA,NA
chr2,0,18275386,NA,NA
chr3,0,17045381,NA,NA
chr4,0,17017937,NA,NA
chr5,0,16275435,NA,NA
chr6,0,15789905,NA,NA
chr7,0,15462896,NA,NA
chr8,0,15422731,NA,NA
chr9,0,15246803,NA,NA
chr10,0,15078524,NA,NA
chr11,0,14712388,NA,NA
chr12,0,14605534,NA,NA
chr13,0,14529372,NA,NA
chr14,0,13941697,NA,NA
chr15,0,13477416,NA,NA
chr16,0,12292438,NA,NA
chr17,0,12240101,NA,NA
chr18,0,11866677,NA,NA
chr19,0,10340728,NA,NA
chr20,0,9730488,NA,NA
chr21,0,9688243,NA,NA
chr22,0,9417832,NA,NA
chr23,0,8897588,NA,NA
chr24,0,8060300,NA,NA
chr25,0,7854970,NA,NA
chr26,0,7556132,NA,NA
chr27,0,7333124,NA,NA
chr28,0,5663841,NA,NA
chr29,0,2455929,NA,NA
