"","chr","Start..bp.","Stop..bp.","Length..bp.","GC.content...."
"1","chr1",1,398156,398156,36.54
"2","chr1",398157,1633220,1235064,34.7
"3","chr1",1633221,1645658,12438,44.94
"4","chr1",1645659,1788025,142367,35.27
"5","chr1",1788026,1968540,180515,39.88
"6","chr1",1968541,1975917,7377,30.2
"7","chr1",1975918,1986970,11053,52.39
"8","chr1",1986971,2003418,16448,40.19
"9","chr1",2003419,2044271,40853,34.58
"10","chr1",2044272,2081887,37616,40.02
"11","chr1",2081888,2129056,47169,49.05
"12","chr1",2129057,2393205,264149,34.37
"13","chr1",2393206,2732003,338798,37.22
"14","chr1",2732004,2741385,9382,48.42
"15","chr1",2741386,2754028,12643,37.63
"16","chr1",2754029,3263748,509720,34.69
"17","chr1",3263749,3277230,13482,41.95
"18","chr1",3277231,3385659,108429,35.45
"19","chr1",3385660,3425765,40106,43.29
"20","chr1",3425766,3510960,85195,34.77
"21","chr1",3510961,3547009,36049,43.06
"22","chr1",3547010,4412694,865685,34.59
"23","chr1",4412695,4606468,193774,39.3
"24","chr1",4606469,4974082,367614,34.38
"25","chr1",4974083,4978950,4868,46.82
"26","chr1",4978951,5823730,844780,36.41
"27","chr1",5823731,5832827,9097,46.62
"28","chr1",5832828,5987978,155151,34.37
"29","chr1",5987979,6010367,22389,50.61
"30","chr1",6010368,6094611,84244,35.79
"31","chr1",6094612,6112729,18118,50.96
"32","chr1",6112730,6208768,96039,35.14
"33","chr1",6208769,6225849,17081,45.54
"34","chr1",6225850,6346479,120630,32.33
"35","chr1",6346480,6354504,8025,49.89
"36","chr1",6354505,6532981,178477,34.02
"37","chr1",6532982,6556642,23661,47.03
"38","chr1",6556643,6574896,18254,32.54
"39","chr1",6574897,6580017,5121,49.91
"40","chr1",6580018,6587654,7637,36.48
"41","chr1",6587655,6629169,41515,31.07
"42","chr1",6629170,7090450,461281,37.53
"43","chr1",7090451,7329587,239137,33.74
"44","chr1",7329588,7342887,13300,44.35
"45","chr1",7342888,7523411,180524,35.88
"46","chr1",7523412,7539777,16366,51.8
"47","chr1",7539778,9822846,2283069,34.82
"48","chr1",9822847,9914140,91294,31.43
"49","chr1",9914141,9919686,5546,54
"50","chr1",9919687,9934353,14667,35.91
"51","chr1",9934354,9947576,13223,50.64
"52","chr1",9947577,10113824,166248,33.03
"53","chr1",10113825,10169984,56160,40.59
"54","chr1",10169985,10603740,433756,34.97
"55","chr1",10603741,10650433,46693,41.83
"56","chr1",10650434,10799478,149045,37.17
"57","chr1",10799479,11133499,334021,34.02
"58","chr1",11133500,11273062,139563,37.81
"59","chr1",11273063,11285900,12838,48.36
"60","chr1",11285901,11415723,129823,34.69
"61","chr1",11415724,11578865,163142,37.73
"62","chr1",11578866,11947207,368342,33.07
"63","chr1",11947208,11949611,2404,17.72
"64","chr1",11949612,11962172,12561,46.07
"65","chr1",11962173,12226169,263997,35.45
"66","chr1",12226170,12510950,284781,32.09
"67","chr1",12510951,13607809,1096859,36.26
"68","chr1",13607810,13625840,18031,41.9
"69","chr1",13625841,13849604,223764,33.21
"70","chr1",13849605,14178238,328634,35.83
"71","chr1",14178239,14362517,184279,32.43
"72","chr1",14362518,15268667,906150,34.42
"73","chr1",15268668,16293331,1024664,33.09
"74","chr1",16293332,17590882,1297551,35.29
"75","chr1",17590883,17770062,179180,33.17
"76","chr1",17770063,19268234,1498172,35.91
"77","chr1",19268235,19300910,32676,52.7
"78","chr1",19300911,19314891,13981,42.44
"79","chr1",19314892,19336537,21646,56.26
"80","chr1",19336538,19673786,337249,38.44
"81","chr2",1,17738,17738,48.06
"82","chr2",17739,120184,102446,37.02
"83","chr2",120185,138738,18554,52.8
"84","chr2",138739,147114,8376,42.37
"85","chr2",147115,4186592,4039478,36.1
"86","chr2",4186593,5210954,1024362,34.08
"87","chr2",5210955,5559062,348108,36.87
"88","chr2",5559063,7579082,2020020,34.9
"89","chr2",7579083,7585370,6288,45.17
"90","chr2",7585371,7748453,163083,32.74
"91","chr2",7748454,7985648,237195,37.59
"92","chr2",7985649,8459278,473630,34.11
"93","chr2",8459279,8493817,34539,37.45
"94","chr2",8493818,8499439,5622,52.4
"95","chr2",8499440,9882917,1383478,35.6
"96","chr2",9882918,9966419,83502,31.89
"97","chr2",9966420,11365494,1399075,34.5
"98","chr2",11365495,11399219,33725,36.74
"99","chr2",11399220,11408074,8855,54.66
"100","chr2",11408075,11416578,8504,40.67
"101","chr2",11416579,17436321,6019743,35.95
"102","chr2",17436322,18275386,839065,37.93
"103","chr3",1,47343,47343,36.59
"104","chr3",47344,70102,22759,41.66
"105","chr3",70103,84777,14675,56.73
"106","chr3",84778,104893,20116,48.23
"107","chr3",104894,147825,42932,40.51
"108","chr3",147826,8324997,8177172,35.34
"109","chr3",8324998,8327190,2193,17.46
"110","chr3",8327191,8359812,32622,43.53
"111","chr3",8359813,8378367,18555,33.11
"112","chr3",8378368,8396611,18244,29.66
"113","chr3",8396612,8416625,20014,42.55
"114","chr3",8416626,8570832,154207,32.43
"115","chr3",8570833,8618112,47280,37.58
"116","chr3",8618113,8624706,6594,51.41
"117","chr3",8624707,8778593,153887,32.99
"118","chr3",8778594,10350763,1572170,35.06
"119","chr3",10350764,10459001,108238,32.54
"120","chr3",10459002,10462508,3507,37.1
"121","chr3",10462509,10480107,17599,52.17
"122","chr3",10480108,10607541,127434,35.21
"123","chr3",10607542,10615808,8267,49.2
"124","chr3",10615809,10726548,110740,39.23
"125","chr3",10726549,11086969,360421,33.83
"126","chr3",11086970,11092918,5949,50.24
"127","chr3",11092919,16346769,5253851,35.74
"128","chr3",16346770,16362207,15438,52.88
"129","chr3",16362208,16365346,3139,27.91
"130","chr3",16365347,16368066,2720,51.76
"131","chr3",16368067,16436186,68120,31.6
"132","chr3",16436187,17028626,592440,35.13
"133","chr3",17028627,17045381,16755,42.15
"134","chr4",1,18644,18644,46.97
"135","chr4",18645,74720,56076,39.19
"136","chr4",74721,292917,218197,34.09
"137","chr4",292918,308700,15783,48.67
"138","chr4",308701,339178,30478,37.44
"139","chr4",339179,361638,22460,29.62
"140","chr4",361639,381950,20312,40.11
"141","chr4",381951,522922,140972,31.07
"142","chr4",522923,1014815,491893,34.64
"143","chr4",1014816,1041995,27180,39.28
"144","chr4",1041996,1336487,294492,32.93
"145","chr4",1336488,1486676,150189,38.24
"146","chr4",1486677,1600030,113354,32.22
"147","chr4",1600031,1831910,231880,35.41
"148","chr4",1831911,2097644,265734,37.97
"149","chr4",2097645,2121670,24026,32.84
"150","chr4",2121671,2137089,15419,45.81
"151","chr4",2137090,2409290,272201,32.82
"152","chr4",2409291,10553621,8144331,35.15
"153","chr4",10553622,10567539,13918,48.3
"154","chr4",10567540,10803530,235991,35.49
"155","chr4",10803531,10846354,42824,47.04
"156","chr4",10846355,10880755,34401,34.25
"157","chr4",10880756,10928485,47730,39.63
"158","chr4",10928486,10937708,9223,50.41
"159","chr4",10937709,14959340,4021632,35.41
"160","chr4",14959341,15036506,77166,39.45
"161","chr4",15036507,16378336,1341830,34.51
"162","chr4",16378337,16548474,170138,40.57
"163","chr4",16548475,16955925,407451,35.28
"164","chr4",16955926,17017937,62012,39.6
"165","chr5",1,228448,228448,37.53
"166","chr5",228449,243954,15506,45.93
"167","chr5",243955,280303,36349,39.08
"168","chr5",280304,1234159,953856,36.02
"169","chr5",1234160,1243368,9209,46.5
"170","chr5",1243369,1588542,345174,34.54
"171","chr5",1588543,1625274,36732,43.06
"172","chr5",1625275,1672145,46871,36.66
"173","chr5",1672146,3219158,1547013,34.03
"174","chr5",3219159,3224310,5152,24.15
"175","chr5",3224311,3332828,108518,42.75
"176","chr5",3332829,15662436,12329608,35.56
"177","chr5",15662437,15681645,19209,51.06
"178","chr5",15681646,15688081,6436,39.06
"179","chr5",15688082,15806981,118900,31.7
"180","chr5",15806982,15822156,15175,49.55
"181","chr5",15822157,16246175,424019,33.99
"182","chr5",16246176,16275435,29260,40.65
"183","chr6",1,134655,134655,36.51
"184","chr6",134656,152454,17799,52.5
"185","chr6",152455,997000,844546,35.77
"186","chr6",997001,1001570,4570,49.39
"187","chr6",1001571,1009553,7983,36.04
"188","chr6",1009554,1019999,10446,52.51
"189","chr6",1020000,1082825,62826,37.56
"190","chr6",1082826,1906841,824016,34.75
"191","chr6",1906842,1918142,11301,48.05
"192","chr6",1918143,1969550,51408,35.04
"193","chr6",1969551,1978306,8756,38.42
"194","chr6",1978307,2002012,23706,50.68
"195","chr6",2002013,2037753,35741,34.26
"196","chr6",2037754,2064458,26705,40.42
"197","chr6",2064459,4931076,2866618,34.53
"198","chr6",4931077,4940785,9709,50.76
"199","chr6",4940786,5005925,65140,36.55
"200","chr6",5005926,5037279,31354,44.37
"201","chr6",5037280,5116107,78828,33.51
"202","chr6",5116108,5133707,17600,52.69
"203","chr6",5133708,5424949,291242,35.91
"204","chr6",5424950,5430557,5608,51.69
"205","chr6",5430558,5877450,446893,33.28
"206","chr6",5877451,7971228,2093778,34.55
"207","chr6",7971229,8259265,288037,36.27
"208","chr6",8259266,8270857,11592,39.96
"209","chr6",8270858,8281166,10309,52.87
"210","chr6",8281167,8282641,1475,11.25
"211","chr6",8282642,8290454,7813,36.82
"212","chr6",8290455,8315015,24561,51.06
"213","chr6",8315016,8465555,150540,37.54
"214","chr6",8465556,8554437,88882,43.9
"215","chr6",8554438,8561355,6918,29.08
"216","chr6",8561356,8570512,9157,44.05
"217","chr6",8570513,8584828,14316,26.77
"218","chr6",8584829,8620642,35814,40.27
"219","chr6",8620643,8636917,16275,25.06
"220","chr6",8636918,8645801,8884,44.03
"221","chr6",8645802,12652819,4007018,34.74
"222","chr6",12652820,12681815,28996,39.06
"223","chr6",12681816,12697730,15915,48.31
"224","chr6",12697731,12721900,24170,35.36
"225","chr6",12721901,12731181,9281,48.17
"226","chr6",12731182,12756047,24866,33.45
"227","chr6",12756048,12772187,16140,46.92
"228","chr6",12772188,15783893,3011706,36.08
"229","chr6",15783894,15789905,6012,46.91
"230","chr7",1,73906,73906,37.41
"231","chr7",73907,82756,8850,54.45
"232","chr7",82757,96954,14198,41.93
"233","chr7",96955,814279,717325,37.03
"234","chr7",814280,827079,12800,50.73
"235","chr7",827080,851759,24680,38.71
"236","chr7",851760,2183567,1331808,34.87
"237","chr7",2183568,3242800,1059233,36.61
"238","chr7",3242801,3252387,9587,48.64
"239","chr7",3252388,3268557,16170,33.98
"240","chr7",3268558,3337472,68915,40.65
"241","chr7",3337473,3503469,165997,33.55
"242","chr7",3503470,3676958,173489,36.86
"243","chr7",3676959,3687931,10973,42.09
"244","chr7",3687932,3702801,14870,53.12
"245","chr7",3702802,3803222,100421,35.68
"246","chr7",3803223,3815038,11816,43.51
"247","chr7",3815039,3979054,164016,33.07
"248","chr7",3979055,3981978,2924,18.74
"249","chr7",3981979,4142719,160741,37.02
"250","chr7",4142720,4154820,12101,50.81
"251","chr7",4154821,4312922,158102,34.61
"252","chr7",4312923,4325644,12722,48.33
"253","chr7",4325645,4400753,75109,37.82
"254","chr7",4400754,8325798,3925045,35.13
"255","chr7",8325799,8429191,103393,32.22
"256","chr7",8429192,8546325,117134,37.36
"257","chr7",8546326,9498092,951767,34.13
"258","chr7",9498093,9503559,5467,18.29
"259","chr7",9503560,9524902,21343,42.44
"260","chr7",9524903,10995547,1470645,35.64
"261","chr7",10995548,11003573,8026,46.4
"262","chr7",11003574,11019540,15967,30
"263","chr7",11019541,11078331,58791,41.73
"264","chr7",11078332,12142180,1063849,36.47
"265","chr7",12142181,12175465,33285,47.9
"266","chr7",12175466,13719369,1543904,35.78
"267","chr7",13719370,13757972,38603,48.66
"268","chr7",13757973,15462896,1704924,36.82
"269","chr8",1,91461,91461,40.5
"270","chr8",91462,140664,49203,32.31
"271","chr8",140665,274370,133706,39.61
"272","chr8",274371,345522,71152,35.28
"273","chr8",345523,354392,8870,54.37
"274","chr8",354393,376719,22327,39.11
"275","chr8",376720,4643983,4267264,34.91
"276","chr8",4643984,4659568,15585,44.22
"277","chr8",4659569,4731476,71908,35.07
"278","chr8",4731477,4749521,18045,52.73
"279","chr8",4749522,9190731,4441210,35.79
"280","chr8",9190732,9825403,634672,34.07
"281","chr8",9825404,9891269,65866,39.19
"282","chr8",9891270,9912057,20788,33.13
"283","chr8",9912058,9928930,16873,51.01
"284","chr8",9928931,15133119,5204189,35.97
"285","chr8",15133120,15149879,16760,45.61
"286","chr8",15149880,15311032,161153,34.13
"287","chr8",15311033,15350597,39565,38.56
"288","chr8",15350598,15366984,16387,45.69
"289","chr8",15366985,15422731,55747,36.17
"290","chr9",1,27624,27624,33.84
"291","chr9",27625,43252,15628,50.15
"292","chr9",43253,473650,430398,35.67
"293","chr9",473651,506604,32954,50.78
"294","chr9",506605,549501,42897,39.59
"295","chr9",549502,1582575,1033074,34.53
"296","chr9",1582576,1602473,19898,42.38
"297","chr9",1602474,2116835,514362,35.7
"298","chr9",2116836,2423499,306664,33.2
"299","chr9",2423500,2518529,95030,38.18
"300","chr9",2518530,2633092,114563,33.43
"301","chr9",2633093,2674520,41428,45.83
"302","chr9",2674521,2678318,3798,29.73
"303","chr9",2678319,2679444,1126,4.26
"304","chr9",2679445,4258627,1579183,35.36
"305","chr9",4258628,4274962,16335,52.58
"306","chr9",4274963,4286767,11805,37.59
"307","chr9",4286768,4499730,212963,33.1
"308","chr9",4499731,7102138,2602408,34.95
"309","chr9",7102139,7119588,17450,52.43
"310","chr9",7119589,7210424,90836,33.64
"311","chr9",7210425,7674233,463809,37.6
"312","chr9",7674234,8171275,497042,35.63
"313","chr9",8171276,8180800,9525,49.59
"314","chr9",8180801,8224905,44105,37.89
"315","chr9",8224906,9060723,835818,34.53
"316","chr9",9060724,9212749,152026,37.94
"317","chr9",9212750,9260422,47673,48.39
"318","chr9",9260423,9798917,538495,34.45
"319","chr9",9798918,9891016,92099,39.45
"320","chr9",9891017,10131438,240422,34.94
"321","chr9",10131439,10137966,6528,49.62
"322","chr9",10137967,10453011,315045,36.66
"323","chr9",10453012,12664260,2211249,34.55
"324","chr9",12664261,12705329,41069,35.8
"325","chr9",12705330,12715850,10521,52.35
"326","chr9",12715851,15225045,2509195,35.42
"327","chr9",15225046,15246803,21758,56.66
"328","chr10",1,1229613,1229613,37.19
"329","chr10",1229614,14810221,13580608,35.11
"330","chr10",14810222,14831106,20885,43.65
"331","chr10",14831107,14834536,3430,21.57
"332","chr10",14834537,14976499,141963,36.49
"333","chr10",14976500,15028656,52157,42.72
"334","chr10",15028657,15078524,49868,34.3
"335","chr11",1,209349,209349,38.22
"336","chr11",209350,13299155,13089806,35.22
"337","chr11",13299156,13303402,4247,49.47
"338","chr11",13303403,14535737,1232335,36.28
"339","chr11",14535738,14712388,176651,32.91
"340","chr12",1,28684,28684,40.42
"341","chr12",28685,41989,13305,51.72
"342","chr12",41990,70010,28021,36.77
"343","chr12",70011,89453,19443,52.13
"344","chr12",89454,9813344,9723891,35.54
"345","chr12",9813345,9824976,11632,51.56
"346","chr12",9824977,9861715,36739,36.54
"347","chr12",9861716,10039333,177618,33.46
"348","chr12",10039334,10056101,16768,41.07
"349","chr12",10056102,10065022,8921,54.25
"350","chr12",10065023,10107192,42170,34.51
"351","chr12",10107193,10114190,6998,53.47
"352","chr12",10114191,10151950,37760,42.08
"353","chr12",10151951,11953380,1801430,34.41
"354","chr12",11953381,12401587,448207,36.59
"355","chr12",12401588,14605534,2203947,35.2
"356","chr13",1,160991,160991,38.92
"357","chr13",160992,176485,15494,51.58
"358","chr13",176486,201157,24672,37.93
"359","chr13",201158,529869,328712,36.57
"360","chr13",529870,550013,20144,42.11
"361","chr13",550014,8389096,7839083,35.35
"362","chr13",8389097,8405860,16764,38.45
"363","chr13",8405861,8414240,8380,51.77
"364","chr13",8414241,10283388,1869148,36
"365","chr13",10283389,10292962,9574,49.64
"366","chr13",10292963,10320959,27997,36.73
"367","chr13",10320960,11280529,959570,33.62
"368","chr13",11280530,11296788,16259,49.55
"369","chr13",11296789,11743247,446459,36.2
"370","chr13",11743248,11761084,17837,52.48
"371","chr13",11761085,11782794,21710,37.44
"372","chr13",11782795,11907807,125013,33.3
"373","chr13",11907808,14455432,2547625,35.81
"374","chr13",14455433,14479968,24536,39.07
"375","chr13",14479969,14493904,13936,48.2
"376","chr13",14493905,14506108,12204,30.61
"377","chr13",14506109,14529372,23264,38.76
"378","chr14",1,49133,49133,37.33
"379","chr14",49134,70236,21103,46.34
"380","chr14",70237,112066,41830,39.33
"381","chr14",112067,304343,192277,35.55
"382","chr14",304344,400313,95970,39.78
"383","chr14",400314,611843,211530,33.9
"384","chr14",611844,620918,9075,45.94
"385","chr14",620919,8799999,8179081,35.65
"386","chr14",8800000,8844412,44413,41.03
"387","chr14",8844413,9999995,1155583,34.47
"388","chr14",9999996,10002714,2719,52
"389","chr14",10002715,10098948,96234,31.93
"390","chr14",10098949,10128102,29154,38.22
"391","chr14",10128103,10149440,21338,48.7
"392","chr14",10149441,10289271,139831,35.3
"393","chr14",10289272,10531745,242474,33.09
"394","chr14",10531746,10566395,34650,38.44
"395","chr14",10566396,10569410,3015,52.31
"396","chr14",10569411,11164401,594991,35.5
"397","chr14",11164402,11173573,9172,38.69
"398","chr14",11173574,11202331,28758,47.23
"399","chr14",11202332,11367775,165444,38.89
"400","chr14",11367776,12089330,721555,34.29
"401","chr14",12089331,12144745,55415,35.86
"402","chr14",12144746,12156526,11781,51.56
"403","chr14",12156527,12216003,59477,32.68
"404","chr14",12216004,13941697,1725694,35.69
"405","chr15",1,262669,262669,37.72
"406","chr15",262670,643839,381170,35.19
"407","chr15",643840,648217,4378,39.38
"408","chr15",648218,656900,8683,54.87
"409","chr15",656901,700588,43688,35.85
"410","chr15",700589,714874,14286,47.56
"411","chr15",714875,1545369,830495,34.22
"412","chr15",1545370,1761847,216478,32.38
"413","chr15",1761848,1861164,99317,34.68
"414","chr15",1861165,2090400,229236,37.67
"415","chr15",2090401,2111345,20945,28.93
"416","chr15",2111346,2120910,9565,39.15
"417","chr15",2120911,2163310,42400,48.16
"418","chr15",2163311,4526830,2363520,35
"419","chr15",4526831,4528781,1951,12.66
"420","chr15",4528782,4832702,303921,33.62
"421","chr15",4832703,4861043,28341,40.85
"422","chr15",4861044,4950527,89484,34.05
"423","chr15",4950528,4957950,7423,53.16
"424","chr15",4957951,5060015,102065,41.44
"425","chr15",5060016,5289867,229852,38.06
"426","chr15",5289868,5519118,229251,42
"427","chr15",5519119,6784668,1265550,35.07
"428","chr15",6784669,6791458,6790,46.23
"429","chr15",6791459,6831543,40085,34.44
"430","chr15",6831544,6843536,11993,51.06
"431","chr15",6843537,6956115,112579,41.17
"432","chr15",6956116,7377150,421035,34.81
"433","chr15",7377151,7390832,13682,48.36
"434","chr15",7390833,7445136,54304,39.26
"435","chr15",7445137,7447923,2787,19.95
"436","chr15",7447924,7481079,33156,35.29
"437","chr15",7481080,7500314,19235,47.22
"438","chr15",7500315,7513429,13115,29.52
"439","chr15",7513430,7542110,28681,37.07
"440","chr15",7542111,7549998,7888,50.27
"441","chr15",7549999,7558315,8317,39.03
"442","chr15",7558316,7756254,197939,35.1
"443","chr15",7756255,7783435,27181,39.96
"444","chr15",7783436,10087652,2304217,34.52
"445","chr15",10087653,10090194,2542,53.15
"446","chr15",10090195,11182669,1092475,36.75
"447","chr15",11182670,11195292,12623,50.34
"448","chr15",11195293,12635335,1440043,35.41
"449","chr15",12635336,12784303,148968,33.18
"450","chr15",12784304,12819826,35523,42.16
"451","chr15",12819827,13105085,285259,33.7
"452","chr15",13105086,13164136,59051,40.26
"453","chr15",13164137,13181229,17093,51.21
"454","chr15",13181230,13477416,296187,35.26
"455","chr16",1,72483,72483,37.42
"456","chr16",72484,84908,12425,49.7
"457","chr16",84909,99551,14643,38.97
"458","chr16",99552,118460,18909,33.41
"459","chr16",118461,136789,18329,45.5
"460","chr16",136790,1166149,1029360,34.23
"461","chr16",1166150,1225683,59534,36.44
"462","chr16",1225684,1260924,35241,56.37
"463","chr16",1260925,1277005,16081,38.16
"464","chr16",1277006,1285795,8790,54.56
"465","chr16",1285796,1292182,6387,40.79
"466","chr16",1292183,1326155,33973,32.43
"467","chr16",1326156,1334792,8637,36.85
"468","chr16",1334793,1350206,15414,52.65
"469","chr16",1350207,1403576,53370,34.58
"470","chr16",1403577,1411209,7633,56.39
"471","chr16",1411210,1448308,37099,43.29
"472","chr16",1448309,1474377,26069,57.72
"473","chr16",1474378,1503939,29562,37
"474","chr16",1503940,1517121,13182,51.84
"475","chr16",1517122,1916674,399553,35.51
"476","chr16",1916675,1985175,68501,40.35
"477","chr16",1985176,2160960,175785,36.91
"478","chr16",2160961,2537673,376713,33.71
"479","chr16",2537674,2541856,4183,22.64
"480","chr16",2541857,3802235,1260379,35.86
"481","chr16",3802236,5146053,1343818,34.38
"482","chr16",5146054,5181969,35916,30.25
"483","chr16",5181970,5197329,15360,39.47
"484","chr16",5197330,5210414,13085,50.91
"485","chr16",5210415,7442930,2232516,35.98
"486","chr16",7442931,7444142,1212,7.26
"487","chr16",7444143,7461976,17834,53.29
"488","chr16",7461977,7687154,225178,37.25
"489","chr16",7687155,7745566,58412,40.63
"490","chr16",7745567,7983494,237928,34.93
"491","chr16",7983495,8069267,85773,32.06
"492","chr16",8069268,8104152,34885,39.29
"493","chr16",8104153,8119987,15835,50.13
"494","chr16",8119988,8179239,59252,33.44
"495","chr16",8179240,8191029,11790,50.64
"496","chr16",8191030,8262312,71283,37.38
"497","chr16",8262313,8821101,558789,34.15
"498","chr16",8821102,9608165,787064,36.37
"499","chr16",9608166,11934490,2326325,35.44
"500","chr16",11934491,11949041,14551,44.44
"501","chr16",11949042,12292438,343397,37.12
"502","chr17",1,214921,214921,38.46
"503","chr17",214922,846413,631492,34.62
"504","chr17",846414,878320,31907,41.62
"505","chr17",878321,887211,8891,54.19
"506","chr17",887212,928477,41266,37.94
"507","chr17",928478,940935,12458,52.42
"508","chr17",940936,1051197,110262,33.58
"509","chr17",1051198,1253090,201893,37.37
"510","chr17",1253091,1603764,350674,33.97
"511","chr17",1603765,1623349,19585,48.09
"512","chr17",1623350,1739658,116309,35.63
"513","chr17",1739659,1761981,22323,47.25
"514","chr17",1761982,1778555,16574,38.68
"515","chr17",1778556,2454911,676356,35.58
"516","chr17",2454912,2550659,95748,32.79
"517","chr17",2550660,2570626,19967,46.03
"518","chr17",2570627,2596766,26140,31.69
"519","chr17",2596767,2638925,42159,37.84
"520","chr17",2638926,2656509,17584,51.81
"521","chr17",2656510,2765776,109267,36.7
"522","chr17",2765777,4441026,1675250,35.09
"523","chr17",4441027,4459836,18810,47.96
"524","chr17",4459837,4503133,43297,37.98
"525","chr17",4503134,5251801,748668,33.51
"526","chr17",5251802,5285341,33540,35.22
"527","chr17",5285342,5309790,24449,51.04
"528","chr17",5309791,5478157,168367,36.16
"529","chr17",5478158,6532138,1053981,34.24
"530","chr17",6532139,6562404,30266,41.69
"531","chr17",6562405,6604801,42397,36.17
"532","chr17",6604802,6642203,37402,30.13
"533","chr17",6642204,6703366,61163,37.29
"534","chr17",6703367,6716109,12743,48.2
"535","chr17",6716110,6729041,12932,32.27
"536","chr17",6729042,6732481,3440,17.38
"537","chr17",6732482,6832292,99811,36.76
"538","chr17",6832293,6841227,8935,54.48
"539","chr17",6841228,6845020,3793,39.18
"540","chr17",6845021,6889007,43987,31.99
"541","chr17",6889008,7367963,478956,35.61
"542","chr17",7367964,7385362,17399,52.8
"543","chr17",7385363,7395268,9906,32.42
"544","chr17",7395269,7408949,13681,48.64
"545","chr17",7408950,7528830,119881,36.55
"546","chr17",7528831,7781713,252883,33.81
"547","chr17",7781714,12041532,4259819,35.37
"548","chr17",12041533,12051199,9667,49.52
"549","chr17",12051200,12240101,188902,37.3
"550","chr18",1,11476,11476,38.92
"551","chr18",11477,51882,40406,31.13
"552","chr18",51883,307133,255251,38.7
"553","chr18",307134,810318,503185,35.6
"554","chr18",810319,938498,128180,41.48
"555","chr18",938499,11810970,10872472,35.22
"556","chr18",11810971,11859068,48098,44.18
"557","chr18",11859069,11866677,7609,32.33
"558","chr19",1,117335,117335,35.05
"559","chr19",117336,259529,142194,39.55
"560","chr19",259530,2890370,2630841,35.61
"561","chr19",2890371,2908473,18103,53.12
"562","chr19",2908474,2931387,22914,36.31
"563","chr19",2931388,3018673,87286,33.01
"564","chr19",3018674,3036117,17444,52.78
"565","chr19",3036118,3094173,58056,37.77
"566","chr19",3094174,3101015,6842,50.64
"567","chr19",3101016,6356389,3255374,34.86
"568","chr19",6356390,6370488,14099,44.57
"569","chr19",6370489,6387889,17401,34.26
"570","chr19",6387890,6409244,21355,50.04
"571","chr19",6409245,10150781,3741537,35.74
"572","chr19",10150782,10172442,21661,38.08
"573","chr19",10172443,10187674,15232,49.59
"574","chr19",10187675,10213769,26095,41.73
"575","chr19",10213770,10236812,23043,33.22
"576","chr19",10236813,10245628,8816,54.37
"577","chr19",10245629,10251199,5571,40.24
"578","chr19",10251200,10258796,7597,29.32
"579","chr19",10258797,10272121,13325,48.52
"580","chr19",10272122,10328630,56509,32.61
"581","chr19",10328631,10340728,12098,43.92
"582","chr20",1,113723,113723,36.26
"583","chr20",113724,144368,30645,41.02
"584","chr20",144369,224888,80520,33.44
"585","chr20",224889,241231,16343,45.86
"586","chr20",241232,312728,71497,38.35
"587","chr20",312729,935971,623243,34.33
"588","chr20",935972,953324,17353,44.97
"589","chr20",953325,1433997,480673,35.87
"590","chr20",1433998,1457049,23052,41.39
"591","chr20",1457050,1973118,516069,33.3
"592","chr20",1973119,2031211,58093,34.48
"593","chr20",2031212,2091621,60410,41.61
"594","chr20",2091622,8617133,6525512,34.35
"595","chr20",8617134,8955251,338118,36.94
"596","chr20",8955252,9730488,775237,35.24
"597","chr21",1,229307,229307,33.57
"598","chr21",229308,293571,64264,38.6
"599","chr21",293572,311845,18274,52.4
"600","chr21",311846,685221,373376,35.7
"601","chr21",685222,688224,3003,51.28
"602","chr21",688225,1008166,319942,37.84
"603","chr21",1008167,1025991,17825,53.08
"604","chr21",1025992,1033683,7692,40.77
"605","chr21",1033684,1229589,195906,36.3
"606","chr21",1229590,1251261,21672,44.54
"607","chr21",1251262,1252744,1483,15.51
"608","chr21",1252745,4535311,3282567,35.57
"609","chr21",4535312,4543724,8413,46.8
"610","chr21",4543725,4552766,9042,30.13
"611","chr21",4552767,4765077,212311,38.03
"612","chr21",4765078,4781558,16481,48.59
"613","chr21",4781559,6003105,1221547,36.29
"614","chr21",6003106,9688243,3685138,35.01
"615","chr22",1,121826,121826,35.88
"616","chr22",121827,133903,12077,48.75
"617","chr22",133904,152566,18663,38.15
"618","chr22",152567,9084610,8932044,35.14
"619","chr22",9084611,9113980,29370,43
"620","chr22",9113981,9150903,36923,34.67
"621","chr22",9150904,9159838,8935,54.59
"622","chr22",9159839,9169147,9309,38.56
"623","chr22",9169148,9338897,169750,34.89
"624","chr22",9338898,9383920,45023,43.82
"625","chr22",9383921,9417832,33912,36.69
"626","chr23",1,279890,279890,37
"627","chr23",279891,1599648,1319758,34.62
"628","chr23",1599649,1602094,2446,50.94
"629","chr23",1602095,1654376,52282,34.98
"630","chr23",1654377,1672245,17869,52.63
"631","chr23",1672246,1978739,306494,34.56
"632","chr23",1978740,2001119,22380,42.71
"633","chr23",2001120,2233534,232415,35.29
"634","chr23",2233535,2247391,13857,37.61
"635","chr23",2247392,2262278,14887,53.13
"636","chr23",2262279,2872487,610209,36.6
"637","chr23",2872488,2886420,13933,48.43
"638","chr23",2886421,2948539,62119,36.4
"639","chr23",2948540,2960979,12440,49.16
"640","chr23",2960980,2982394,21415,38.62
"641","chr23",2982395,3799438,817044,34.4
"642","chr23",3799439,3802627,3189,47.95
"643","chr23",3802628,3827245,24618,34.43
"644","chr23",3827246,3837906,10661,52.58
"645","chr23",3837907,3844775,6869,39.79
"646","chr23",3844776,5320356,1475581,35.62
"647","chr23",5320357,5332248,11892,28.94
"648","chr23",5332249,5345835,13587,48.91
"649","chr23",5345836,5410977,65142,36.31
"650","chr23",5410978,7790228,2379251,34.64
"651","chr23",7790229,7890326,100098,39.72
"652","chr23",7890327,8897588,1007262,35.59
"653","chr24",1,101973,101973,39.2
"654","chr24",101974,8060300,7958327,34.58
"655","chr25",1,862462,862462,35.7
"656","chr25",862463,917851,55389,39.9
"657","chr25",917852,7854970,6937119,34.7
"658","chr26",1,19298,19298,43.06
"659","chr26",19299,7537996,7518698,34.63
"660","chr26",7537997,7548760,10764,52.51
"661","chr26",7548761,7556132,7372,37.36
"662","chr27",1,63502,63502,35.73
"663","chr27",63503,92275,28773,43.52
"664","chr27",92276,117910,25635,34.5
"665","chr27",117911,127809,9899,44.69
"666","chr27",127810,6685342,6557533,34.66
"667","chr27",6685343,6741492,56150,40.02
"668","chr27",6741493,6898947,157455,34.19
"669","chr27",6898948,7333124,434177,36.6
"670","chr28",1,3526134,3526134,35.41
"671","chr28",3526135,3582536,56402,42.81
"672","chr28",3582537,3602272,19736,36.23
"673","chr28",3602273,3837924,235652,32.4
"674","chr28",3837925,3851959,14035,40.96
"675","chr28",3851960,3922148,70189,33.44
"676","chr28",3922149,3937730,15582,48.43
"677","chr28",3937731,3951201,13471,39.69
"678","chr28",3951202,4008358,57157,31.67
"679","chr28",4008359,4020986,12628,35.08
"680","chr28",4020987,4029438,8452,48.28
"681","chr28",4029439,5285253,1255815,34.92
"682","chr28",5285254,5303933,18680,52.6
"683","chr28",5303934,5335223,31290,34.88
"684","chr28",5335224,5353785,18562,45.22
"685","chr28",5353786,5367515,13730,33.88
"686","chr28",5367516,5373773,6258,46.88
"687","chr28",5373774,5398645,24872,31.77
"688","chr28",5398646,5425866,27221,48.77
"689","chr28",5425867,5552744,126878,35.09
"690","chr28",5552745,5644257,91513,38.72
"691","chr28",5644258,5660010,15753,48.31
"692","chr28",5660011,5663841,3831,27.64
"693","chr29",1,2455929,2455929,35.96
